well_id,rmse,mae,n_rows,model
00e12e8b,10.852627792634141,9.395030924479167,3000,last_known_tvt
02e7fe5a,8.283852065734374,6.893254557291667,3000,last_known_tvt
044af7d1,9.733097044943136,8.576750325520834,3000,last_known_tvt
09441b8d,15.98654269197948,12.761037109375,3000,last_known_tvt
0d99f8e4,11.751991763020506,10.144616536458333,3000,last_known_tvt
0dc5e64d,18.34814372802947,13.570087565104167,3000,last_known_tvt
0dd99dc5,15.45562998112061,12.270769856770833,3000,last_known_tvt
113011eb,5.566534535768172,4.6701015625,3000,last_known_tvt
13ce113d,4.912224836099695,3.9955022095669364,2719,last_known_tvt
14fee784,22.07546777383694,16.4666787109375,3000,last_known_tvt
153552f5,5.561673677282094,4.4073349609375,3000,last_known_tvt
1770d7c6,10.152638381750316,8.361224952601987,2868,last_known_tvt
18d24f7b,6.252996850251931,5.093992513020833,3000,last_known_tvt
19137a89,15.188051370237897,11.796916341145833,3000,last_known_tvt
1944513c,12.635381295746148,10.255404296875,3000,last_known_tvt
1a518997,7.719599645763515,6.001838541666666,3000,last_known_tvt
1b08ed48,9.935273038343642,8.5625927734375,3000,last_known_tvt
1b1c5372,15.287021351830706,11.735445962167582,2369,last_known_tvt
1b1eba53,51.970717272868846,42.0164677734375,3000,last_known_tvt
1b6ba517,6.427060347142428,5.370229166666666,3000,last_known_tvt
1bcb2fcf,5.878036142854222,4.770208658854167,3000,last_known_tvt
1d78281a,10.407216045960293,8.359023111979166,3000,last_known_tvt
1e5e3573,13.40945526717767,11.217963541666666,3000,last_known_tvt
206b6193,30.39797713618922,25.481321940104166,3000,last_known_tvt
2364716c,14.03303156721195,10.118928059895833,3000,last_known_tvt
26623a50,21.07866719355856,19.7908564453125,3000,last_known_tvt
28f4eda9,14.420653816284403,12.3976884765625,3000,last_known_tvt
29de15c8,5.02104663292384,4.283752278645833,3000,last_known_tvt
2d196986,11.352140280952414,9.120743815104166,3000,last_known_tvt
2ddad940,7.070346613871575,5.644992838541667,3000,last_known_tvt
310c71a5,8.929892166991724,7.503354166666667,3000,last_known_tvt
357c12f9,5.5479308004147905,3.8451793619791665,3000,last_known_tvt
389ae58f,39.54558744084736,35.6380439453125,3000,last_known_tvt
3a7dd95d,12.030535519332034,9.567841471354166,3000,last_known_tvt
3bfee975,12.072226983558396,10.170414031498016,2772,last_known_tvt
42669188,16.951502717837144,13.1772529296875,3000,last_known_tvt
43c7f85a,11.181642337239452,8.906007161458334,3000,last_known_tvt
445af6c2,31.077582296894082,28.249636393229167,3000,last_known_tvt
46a301e9,8.43242322378439,7.130100911458333,3000,last_known_tvt
46a7190b,11.01918333354425,8.922607096354167,3000,last_known_tvt
47222616,9.59039810418897,7.322416119254815,2959,last_known_tvt
481de5fc,10.595622389735377,8.864767578125,3000,last_known_tvt
493b5b31,18.307129159022878,15.998169270833333,3000,last_known_tvt
4a035ec2,15.366629635080132,11.37905914614899,2178,last_known_tvt
4c3df468,21.45258566479008,19.475161783854166,3000,last_known_tvt
4ddde4c1,4.826309610173404,4.0227109375,3000,last_known_tvt
4f4ac5ce,11.979249858472238,9.921518229166667,3000,last_known_tvt
504c8b08,15.349444142465256,12.330037760416667,3000,last_known_tvt
52f1e77a,13.163901110333503,10.958542643229167,3000,last_known_tvt
5397ceb1,9.775760220383315,7.9026497395833335,3000,last_known_tvt
5693dde2,5.663746277067638,4.537873844833149,2712,last_known_tvt
56b00794,26.998233334210735,24.794059895833332,3000,last_known_tvt
5d11dfb5,9.91300922442357,7.3480276692708335,3000,last_known_tvt
5f6756c5,8.748967598363167,7.4165322265625,3000,last_known_tvt
633774dc,16.59450952545277,14.757450846354166,3000,last_known_tvt
656a067b,27.427740579273856,23.229705078125,3000,last_known_tvt
65a5466a,10.043042549138125,7.960895833333334,3000,last_known_tvt
6767c111,13.342385094119084,10.867114583333333,3000,last_known_tvt
6a8fa194,12.123198655847682,10.603118815104168,3000,last_known_tvt
6d590e26,12.376714873420791,10.421040690104167,3000,last_known_tvt
6ea22614,8.718267112736356,7.033155825027944,2684,last_known_tvt
70e1788b,6.514593161305219,5.4006982421875,3000,last_known_tvt
71642c7d,10.428437667547486,8.626072916666667,3000,last_known_tvt
7224331b,5.708577085687937,4.437026041666667,3000,last_known_tvt
7256229b,6.949786204724889,5.3238193359375,3000,last_known_tvt
729e9750,8.847211194768684,7.85588903799254,2614,last_known_tvt
75d20a82,17.194439197280992,14.656333658854166,3000,last_known_tvt
764072a5,7.24503182930511,5.373734700520833,3000,last_known_tvt
7993a768,8.552140654644004,7.593352864583333,3000,last_known_tvt
7b2c7b3c,6.980959589742644,5.591250651041666,3000,last_known_tvt
7bb17b96,15.40414249128371,13.164365600479512,2294,last_known_tvt
7cd4bb31,7.472384144469945,6.139294270833333,3000,last_known_tvt
7e208414,6.583961171315558,5.818324544270833,3000,last_known_tvt
807f0298,8.78059217082792,6.3866975911458335,3000,last_known_tvt
811f52b3,4.5690814741741805,3.2140211588541665,3000,last_known_tvt
81bf5923,32.1093540008006,27.386981119791667,3000,last_known_tvt
8382f4b6,25.760792091446525,18.5998779296875,3000,last_known_tvt
85380836,10.18779955834258,7.707260091145834,3000,last_known_tvt
86454a6f,53.188115115256515,45.19646484375,3000,last_known_tvt
87aa3730,8.470517989007407,6.851422200520833,3000,last_known_tvt
89969c7a,10.87032811938362,8.560174281301062,2448,last_known_tvt
89f36adf,5.290866995314987,3.747849609375,3000,last_known_tvt
89fdb2f2,1.9292612256186803,1.1775319602272727,2750,last_known_tvt
8c8348e8,5.534819301980852,4.163345016982242,2337,last_known_tvt
8d5d46d7,11.029627854553024,9.037197591145834,3000,last_known_tvt
939d9c34,15.491218595517818,12.733111979166667,3000,last_known_tvt
940a48d9,10.790705452331947,8.516370442708334,3000,last_known_tvt
95c8427f,20.21919902897607,16.545665364583332,3000,last_known_tvt
96936c22,4.2614107466323485,3.5686822916666667,3000,last_known_tvt
9a6b0392,7.730976004837511,5.7123896484375,3000,last_known_tvt
9ae248be,8.162362807105747,7.362158854166666,3000,last_known_tvt
9b9e3b49,8.191805603547547,6.931555013020834,3000,last_known_tvt
9bd2bba3,11.573894203925509,9.341903645833334,3000,last_known_tvt
9d3ec64c,8.95046737272834,7.6310107421875,3000,last_known_tvt
9ffce529,10.412066115459833,8.822234700520834,3000,last_known_tvt
a15bc102,2.729133677819016,2.0404734414329377,2781,last_known_tvt
a2e8e7f6,10.682254093430814,8.941142252604166,3000,last_known_tvt
a4cdbb0f,15.09782528723229,12.274042643229167,3000,last_known_tvt
a692b17e,11.47965766287694,9.572815198216164,2852,last_known_tvt
a6b8ac67,8.605134610976553,6.463027948124755,2553,last_known_tvt
a6ed2eff,9.514535567685291,7.642837565104166,3000,last_known_tvt
a9c9b150,0.9434869973312578,0.6932295410816982,2956,last_known_tvt
ab112491,24.986046278411834,21.089222005208335,3000,last_known_tvt
ab94878e,4.626917339108527,3.2089714672630287,2648,last_known_tvt
abf460d2,8.906074093496962,7.5767451171875,3000,last_known_tvt
ad2133a8,24.106937149885667,20.930138997395833,3000,last_known_tvt
b4d8dd4f,24.64692720085389,19.154961147442897,2977,last_known_tvt
b8c49c1a,12.676401609301521,10.4156103515625,3000,last_known_tvt
ba48188d,51.83058067791194,39.67934602864583,3000,last_known_tvt
c03d4aed,10.569342999807917,8.2404560546875,3000,last_known_tvt
c1708b88,17.61897764608494,15.3663369140625,3000,last_known_tvt
c42fe306,10.147493288846324,7.809980751811594,2553,last_known_tvt
c50b42f6,7.832943499140968,6.296057564871652,2688,last_known_tvt
c84c65be,9.029640945813593,7.3106943359375,3000,last_known_tvt
c9e6734f,10.960320433862647,9.438326497395833,3000,last_known_tvt
c9fedcf3,6.59586729618027,5.8836589682844,2282,last_known_tvt
cbb406b5,8.830307724041472,6.711235026041667,3000,last_known_tvt
cda7eb37,8.708427374404621,6.293865502624858,2643,last_known_tvt
d00e7eb9,7.296083421420382,6.358127278645833,3000,last_known_tvt
d0a0e7b5,9.202681750450436,7.84062711998862,2856,last_known_tvt
d217e0c5,6.468649300915995,5.3692968252810775,2357,last_known_tvt
d273674e,3.3283560175943263,2.690353515625,3000,last_known_tvt
d463e527,12.050027388848905,10.3568701171875,3000,last_known_tvt
d63196fe,15.985062853158606,13.34848112143157,2382,last_known_tvt
d6c320d9,9.044542645717451,7.469553385416667,3000,last_known_tvt
d7eb0be8,26.39610363778612,21.022408722999806,2581,last_known_tvt
da3bfe4e,28.545513337893382,25.961958658854165,3000,last_known_tvt
ddc790ff,5.483118947703188,4.707354662196356,2470,last_known_tvt
e14d641e,8.623433175486495,5.9075703125,3000,last_known_tvt
e161bd0c,54.29839587543364,39.52266015625,3000,last_known_tvt
e3b34f5b,8.759524890720352,7.18492682934175,2594,last_known_tvt
e45a2a62,17.683248249161462,14.4866748046875,3000,last_known_tvt
e5864244,34.96869563347866,32.38026106770833,3000,last_known_tvt
e7c36e81,8.54049179271036,7.904341471354167,3000,last_known_tvt
e7d0c1de,5.677818547742394,4.350718424479167,3000,last_known_tvt
ea0b99b7,10.711881506687316,8.893569661458333,3000,last_known_tvt
ea3a0e38,14.305382167825044,11.881573893229167,3000,last_known_tvt
ea41324e,5.411413402979095,4.391254231770834,3000,last_known_tvt
eb934281,3.9925354576088967,3.2879231770833335,3000,last_known_tvt
ebe69318,5.905588880268276,4.7866806640625,3000,last_known_tvt
ef8e3ed0,14.424635515043239,12.78562890625,3000,last_known_tvt
f021b650,5.601018492693251,4.498379623452178,2342,last_known_tvt
f053a1b9,9.342321470339677,8.093841145833334,3000,last_known_tvt
f140c2fa,10.601430344884315,8.028815093334027,2404,last_known_tvt
f49fdea3,10.823160266111278,10.078048828125,3000,last_known_tvt
f4d12d23,16.682410767951755,15.2825498046875,3000,last_known_tvt
f5d8aab6,12.167729932797814,10.40113671875,3000,last_known_tvt
fa31da94,8.133514936020896,6.713491861979167,3000,last_known_tvt
fae0c593,11.175425646425245,9.734850911458333,3000,last_known_tvt
fbd68d27,16.913616767085838,14.440291341145834,3000,last_known_tvt
fc03f21f,12.826497565971108,10.699037434895834,3000,last_known_tvt
fd3b4faa,7.43101762038782,5.9329039713541665,3000,last_known_tvt
febb4411,13.188913024626554,11.37426953125,3000,last_known_tvt
fef8af96,37.202854294311365,28.73982084831305,2260,last_known_tvt
ff8bb73a,10.312278095115873,7.777116536458333,3000,last_known_tvt
00e12e8b,82.56069086624778,65.85204296875,3000,linear_primary
02e7fe5a,76.99177084557319,64.21851399739583,3000,linear_primary
044af7d1,64.23997700559578,40.370324869791666,3000,linear_primary
09441b8d,28.443334189085675,22.2792744140625,3000,linear_primary
0d99f8e4,35.37367099119356,31.636958984375,3000,linear_primary
0dc5e64d,16.264266825487752,12.691291015625,3000,linear_primary
0dd99dc5,104.49173551581265,88.92838346354166,3000,linear_primary
113011eb,38.55789727300318,28.219228190104168,3000,linear_primary
13ce113d,6.172975664950477,5.262242049581648,2719,linear_primary
14fee784,55.9051137649305,40.374693033854165,3000,linear_primary
153552f5,40.96078193225915,35.699207356770835,3000,linear_primary
1770d7c6,44.036326899528056,32.37752346746426,2868,linear_primary
18d24f7b,8.170805741366793,6.7771435546875,3000,linear_primary
19137a89,68.76031917535484,55.80560416666667,3000,linear_primary
1944513c,46.66563169328391,41.74483951822916,3000,linear_primary
1a518997,27.203421044430492,18.403336588541666,3000,linear_primary
1b08ed48,23.47558517499936,20.109796875,3000,linear_primary
1b1c5372,39.63382974133219,28.510813914758337,2369,linear_primary
1b1eba53,37.9761178360263,29.944092122395833,3000,linear_primary
1b6ba517,50.53915756347949,43.27944596354167,3000,linear_primary
1bcb2fcf,59.20393913111846,40.295850260416664,3000,linear_primary
1d78281a,48.00010953493336,37.794899739583336,3000,linear_primary
1e5e3573,84.17426006279504,65.48883235677083,3000,linear_primary
206b6193,28.73940700597388,24.0893623046875,3000,linear_primary
2364716c,19.35499078161253,14.964139973958334,3000,linear_primary
26623a50,60.569263328069866,47.159017252604166,3000,linear_primary
28f4eda9,22.84664168996209,20.198072591145834,3000,linear_primary
29de15c8,27.82965426478237,18.090345703125,3000,linear_primary
2d196986,27.61595559708262,21.475556640625,3000,linear_primary
2ddad940,18.272327556439233,14.456500651041667,3000,linear_primary
310c71a5,22.41771731249657,16.7853759765625,3000,linear_primary
357c12f9,42.77544875691562,34.96452473958333,3000,linear_primary
389ae58f,129.64006494956476,100.97165657552084,3000,linear_primary
3a7dd95d,67.94247065054358,50.02849674479167,3000,linear_primary
3bfee975,16.808185922244462,11.719132240372474,2772,linear_primary
42669188,69.65352966151569,49.43104069010417,3000,linear_primary
43c7f85a,11.325966560598673,8.919263020833334,3000,linear_primary
445af6c2,110.30862333445968,80.61797428385417,3000,linear_primary
46a301e9,73.70674962392869,64.18202408854167,3000,linear_primary
46a7190b,60.23619834247141,44.47136653645833,3000,linear_primary
47222616,82.34220585828618,53.089175106666104,2959,linear_primary
481de5fc,93.14842302056881,59.498827799479166,3000,linear_primary
493b5b31,162.45414240765942,109.42881412760417,3000,linear_primary
4a035ec2,5.273082469650898,4.632721928087695,2178,linear_primary
4c3df468,31.956819703945065,21.703694986979166,3000,linear_primary
4ddde4c1,24.782437376447778,17.354126302083333,3000,linear_primary
4f4ac5ce,50.848631298164484,34.491373046875,3000,linear_primary
504c8b08,61.29131024520457,42.92031315104167,3000,linear_primary
52f1e77a,189.35358904550898,158.7534384765625,3000,linear_primary
5397ceb1,117.57025665326626,96.36539192708334,3000,linear_primary
5693dde2,21.60435797947203,16.485660159130717,2712,linear_primary
56b00794,76.31885395549367,57.893586588541666,3000,linear_primary
5d11dfb5,39.362251771766246,32.71287630208333,3000,linear_primary
5f6756c5,38.067536644874856,32.8915908203125,3000,linear_primary
633774dc,108.03087633711893,71.326873046875,3000,linear_primary
656a067b,560.8383708975924,368.40252994791666,3000,linear_primary
65a5466a,18.464890351671034,12.728752604166667,3000,linear_primary
6767c111,80.22545439008688,63.324971028645834,3000,linear_primary
6a8fa194,11.885267806413413,9.468821940104167,3000,linear_primary
6d590e26,123.2359313693372,103.67126041666667,3000,linear_primary
6ea22614,27.21906260005543,22.706109628236774,2684,linear_primary
70e1788b,109.01905945560894,76.53552669270833,3000,linear_primary
71642c7d,89.27871536971044,73.39065950520833,3000,linear_primary
7224331b,56.19320564005505,41.90639518229167,3000,linear_primary
7256229b,25.087375639927345,17.9171015625,3000,linear_primary
729e9750,39.168413574635174,30.938869578471692,2614,linear_primary
75d20a82,23.95371613390075,21.437879231770832,3000,linear_primary
764072a5,28.24780048356503,21.962091145833334,3000,linear_primary
7993a768,22.74044630947714,18.828673177083335,3000,linear_primary
7b2c7b3c,123.37883806653402,80.06279329427083,3000,linear_primary
7bb17b96,54.07859550119013,40.97357534260571,2294,linear_primary
7cd4bb31,28.092147266988512,20.267338541666668,3000,linear_primary
7e208414,19.87022373204532,16.955060221354167,3000,linear_primary
807f0298,16.126249169099125,10.460313802083334,3000,linear_primary
811f52b3,27.700985896156325,24.946992513020835,3000,linear_primary
81bf5923,46.84921899029194,35.61362239583333,3000,linear_primary
8382f4b6,9.021214128299347,6.484022135416667,3000,linear_primary
85380836,128.51575021759393,86.62390657552083,3000,linear_primary
86454a6f,61.321273100932515,46.5428115234375,3000,linear_primary
87aa3730,20.783503164136917,16.6112958984375,3000,linear_primary
89969c7a,16.064674461199964,12.867507435917075,2448,linear_primary
89f36adf,52.09775456636691,38.87678157552083,3000,linear_primary
89fdb2f2,3.1932577906308204,2.2219662642045455,2750,linear_primary
8c8348e8,112.51488428602636,80.9792285114463,2337,linear_primary
8d5d46d7,64.27353724288203,55.278716796875,3000,linear_primary
939d9c34,444.50922273015647,292.4673095703125,3000,linear_primary
940a48d9,57.39823646752438,43.6383076171875,3000,linear_primary
95c8427f,19.95246276138859,15.819646484375,3000,linear_primary
96936c22,49.15381869598295,39.16366341145833,3000,linear_primary
9a6b0392,96.86137877548002,69.03610774739583,3000,linear_primary
9ae248be,31.011463800719635,24.139358723958335,3000,linear_primary
9b9e3b49,106.24481724321059,93.09416666666667,3000,linear_primary
9bd2bba3,144.69421375311563,123.95071451822916,3000,linear_primary
9d3ec64c,24.894197735084564,20.542580078125,3000,linear_primary
9ffce529,13.802534004256596,11.464940104166667,3000,linear_primary
a15bc102,31.26033339119667,24.703022111538115,2781,linear_primary
a2e8e7f6,70.7139651472404,51.49739485677083,3000,linear_primary
a4cdbb0f,29.5675592741218,25.06742708333333,3000,linear_primary
a692b17e,83.99567887489604,62.972011485909015,2852,linear_primary
a6b8ac67,9.084408501695327,6.660046085487662,2553,linear_primary
a6ed2eff,11.986196653537982,8.957849609375,3000,linear_primary
a9c9b150,2.249968298099531,1.6341670014377536,2956,linear_primary
ab112491,127.71131087776051,85.6291337890625,3000,linear_primary
ab94878e,64.1146877195215,43.708927949749814,2648,linear_primary
abf460d2,38.921323511174485,31.851741861979168,3000,linear_primary
ad2133a8,60.988360261241475,45.2777822265625,3000,linear_primary
b4d8dd4f,49.21395421870204,37.16394211087084,2977,linear_primary
b8c49c1a,257.6077727814665,160.27076985677084,3000,linear_primary
ba48188d,67.19680420385544,53.09589778645833,3000,linear_primary
c03d4aed,15.702894332836388,11.0860849609375,3000,linear_primary
c1708b88,106.44187653529212,80.46158170572917,3000,linear_primary
c42fe306,53.89447712003774,35.331366820284956,2553,linear_primary
c50b42f6,19.17859380131666,13.510209219796318,2688,linear_primary
c84c65be,28.276116228508545,23.910686848958335,3000,linear_primary
c9e6734f,91.29348992336156,69.09975748697917,3000,linear_primary
c9fedcf3,10.789585382318505,7.601864198756573,2282,linear_primary
cbb406b5,44.08685032896468,33.76343424479167,3000,linear_primary
cda7eb37,11.855821177064072,8.975325077445138,2643,linear_primary
d00e7eb9,66.0971957659417,53.24949772135417,3000,linear_primary
d0a0e7b5,29.618227134776983,24.42296440060399,2856,linear_primary
d217e0c5,10.103834237025668,8.05687471825944,2357,linear_primary
d273674e,20.26441198993524,16.870341145833333,3000,linear_primary
d463e527,34.33631465470782,24.064748046875,3000,linear_primary
d63196fe,5.531306340667421,4.462212934902393,2382,linear_primary
d6c320d9,33.99841753007119,23.368732421875,3000,linear_primary
d7eb0be8,29.446584860909777,17.291014868268114,2581,linear_primary
da3bfe4e,44.27416290675482,35.258556315104165,3000,linear_primary
ddc790ff,19.688149260623668,16.772382654352228,2470,linear_primary
e14d641e,24.12223538884616,15.978486979166666,3000,linear_primary
e161bd0c,621.4999732754774,374.615169921875,3000,linear_primary
e3b34f5b,68.64892033671623,56.00183867819969,2594,linear_primary
e45a2a62,93.70286282369119,72.95049934895833,3000,linear_primary
e5864244,124.94293573754169,103.63829329427084,3000,linear_primary
e7c36e81,63.95390108540953,52.546306966145835,3000,linear_primary
e7d0c1de,4.787129533077543,4.210231119791667,3000,linear_primary
ea0b99b7,133.0547749810229,85.40907259114583,3000,linear_primary
ea3a0e38,164.3298736224883,124.94669270833333,3000,linear_primary
ea41324e,8.12409686694393,6.570809895833333,3000,linear_primary
eb934281,42.561754892878746,31.265527994791668,3000,linear_primary
ebe69318,84.22025111297552,73.22336783854166,3000,linear_primary
ef8e3ed0,56.73235928060231,46.699991861979164,3000,linear_primary
f021b650,32.11286302065279,23.867716228116993,2342,linear_primary
f053a1b9,136.1360214656015,109.95927213541667,3000,linear_primary
f140c2fa,60.15756781975751,45.20066571989393,2404,linear_primary
f49fdea3,44.91328016003264,29.79671484375,3000,linear_primary
f4d12d23,114.27913588898714,97.242103515625,3000,linear_primary
f5d8aab6,60.1237204595547,49.33589453125,3000,linear_primary
fa31da94,35.662537304546404,31.535939453125,3000,linear_primary
fae0c593,112.34847770554276,92.61033984375,3000,linear_primary
fbd68d27,138.51896568419588,96.69482421875,3000,linear_primary
fc03f21f,237.9720231475558,154.77249348958333,3000,linear_primary
fd3b4faa,10.10518923449988,8.342289713541666,3000,linear_primary
febb4411,56.570583553554634,49.512264322916664,3000,linear_primary
fef8af96,76.18426018275716,53.717015089186944,2260,linear_primary
ff8bb73a,125.80571628772128,80.7034697265625,3000,linear_primary
00e12e8b,76.51318606909722,59.01768196614584,3000,linear_w5
02e7fe5a,73.06874005173698,60.957559895833334,3000,linear_w5
044af7d1,101.6088958929261,63.36806705729167,3000,linear_w5
09441b8d,29.782528952740844,24.23331640625,3000,linear_w5
0d99f8e4,39.1489246014831,32.9096611328125,3000,linear_w5
0dc5e64d,22.93766531685997,16.4045185546875,3000,linear_w5
0dd99dc5,117.46711892556104,98.55778841145833,3000,linear_w5
113011eb,17.204691930660655,13.832616536458334,3000,linear_w5
13ce113d,4.107547310757927,3.2328521515262962,2719,linear_w5
14fee784,53.101492309413175,36.24853678385416,3000,linear_w5
153552f5,27.96564491858096,24.391324869791667,3000,linear_w5
1770d7c6,35.767960698412224,21.08766929807357,2868,linear_w5
18d24f7b,7.952412710373323,6.608754557291666,3000,linear_w5
19137a89,65.0977392452852,52.32935384114583,3000,linear_w5
1944513c,32.7732051875626,29.394234700520833,3000,linear_w5
1a518997,27.508411916913104,17.956567057291668,3000,linear_w5
1b08ed48,34.917051305684076,29.744869791666666,3000,linear_w5
1b1c5372,40.52441242366545,27.94196687684677,2369,linear_w5
1b1eba53,47.483026721520524,36.93367252604167,3000,linear_w5
1b6ba517,48.667413690119176,41.65220540364583,3000,linear_w5
1bcb2fcf,61.09594715158364,43.137267578125,3000,linear_w5
1d78281a,47.86103920829832,37.99691569010417,3000,linear_w5
1e5e3573,80.33245186767967,63.98265950520833,3000,linear_w5
206b6193,26.59712164994147,22.811408528645835,3000,linear_w5
2364716c,21.828414230567653,18.92396875,3000,linear_w5
26623a50,61.529601074670566,48.355498697916666,3000,linear_w5
28f4eda9,20.49208182146148,18.107885416666665,3000,linear_w5
29de15c8,35.349385010398024,30.315319010416665,3000,linear_w5
2d196986,28.83169263764422,23.031365234375,3000,linear_w5
2ddad940,20.023004516849678,14.637027669270834,3000,linear_w5
310c71a5,25.520002799392714,19.056024739583332,3000,linear_w5
357c12f9,31.230815525331977,26.086795247395834,3000,linear_w5
389ae58f,162.01424741643763,135.46984440104166,3000,linear_w5
3a7dd95d,57.98393320259157,42.1553505859375,3000,linear_w5
3bfee975,13.022445824565555,9.411704235434705,2772,linear_w5
42669188,57.579629942526445,43.81603971354167,3000,linear_w5
43c7f85a,6.2379727343582765,4.801528971354166,3000,linear_w5
445af6c2,109.22352628532823,80.93894596354167,3000,linear_w5
46a301e9,66.96243125996264,58.16706868489583,3000,linear_w5
46a7190b,61.50022268490419,46.73063834635417,3000,linear_w5
47222616,73.56595380811311,47.38476034449983,2959,linear_w5
481de5fc,90.06427619645818,59.95691959635417,3000,linear_w5
493b5b31,159.01080060190162,110.67455110677083,3000,linear_w5
4a035ec2,7.1832343007514,5.802750516528926,2178,linear_w5
4c3df468,29.633924714245993,20.171178385416667,3000,linear_w5
4ddde4c1,23.74145517723236,16.7674990234375,3000,linear_w5
4f4ac5ce,67.47889644107808,46.36755631510417,3000,linear_w5
504c8b08,60.609521776740664,42.0210185546875,3000,linear_w5
52f1e77a,167.37580910358201,135.5141103515625,3000,linear_w5
5397ceb1,115.40103453208127,96.0595810546875,3000,linear_w5
5693dde2,13.831957993854575,11.060803978844026,2712,linear_w5
56b00794,70.75045510517263,51.862291341145834,3000,linear_w5
5d11dfb5,36.468014117502754,29.0199658203125,3000,linear_w5
5f6756c5,39.668960498643784,33.693390950520836,3000,linear_w5
633774dc,111.05702714044767,71.19698079427083,3000,linear_w5
656a067b,438.38534861786434,316.31487727864584,3000,linear_w5
65a5466a,24.616117160040744,15.6760947265625,3000,linear_w5
6767c111,113.97147725671326,86.35471842447917,3000,linear_w5
6a8fa194,15.082374254751393,11.3372216796875,3000,linear_w5
6d590e26,114.53141391961344,95.92614876302083,3000,linear_w5
6ea22614,29.178504951049153,23.912435017115314,2684,linear_w5
70e1788b,78.97737749223883,55.2652431640625,3000,linear_w5
71642c7d,77.79279702444339,63.980986653645836,3000,linear_w5
7224331b,45.73144740200184,34.31345963541666,3000,linear_w5
7256229b,24.684262430021526,17.654592447916666,3000,linear_w5
729e9750,22.261208307392412,17.591464380499236,2614,linear_w5
75d20a82,22.06980527121693,19.297926106770834,3000,linear_w5
764072a5,40.907413157833055,26.7780380859375,3000,linear_w5
7993a768,14.147341810787868,11.621959309895834,3000,linear_w5
7b2c7b3c,69.68193675882841,45.67509798177083,3000,linear_w5
7bb17b96,40.982753576197965,31.0200957320728,2294,linear_w5
7cd4bb31,14.8597053778096,11.929897135416667,3000,linear_w5
7e208414,27.252558700865272,23.4707021484375,3000,linear_w5
807f0298,14.857502087415291,10.500300455729167,3000,linear_w5
811f52b3,20.471009419868818,18.256019205729167,3000,linear_w5
81bf5923,35.241806446705375,25.09719401041667,3000,linear_w5
8382f4b6,8.014778381134628,5.711407552083333,3000,linear_w5
85380836,65.60109614224531,48.25576627604167,3000,linear_w5
86454a6f,64.56608190396342,47.872503580729166,3000,linear_w5
87aa3730,30.041785822100753,24.637894856770835,3000,linear_w5
89969c7a,8.20627568566876,6.897903342652165,2448,linear_w5
89f36adf,61.07215008448823,43.91965885416667,3000,linear_w5
89fdb2f2,5.267647510449237,3.6731168323863637,2750,linear_w5
8c8348e8,99.28589327867013,70.37807385269576,2337,linear_w5
8d5d46d7,65.3393285758146,56.51986360677083,3000,linear_w5
939d9c34,346.60969294911536,253.67461588541667,3000,linear_w5
940a48d9,67.08981765245191,54.8768486328125,3000,linear_w5
95c8427f,21.763540284419324,14.597919270833334,3000,linear_w5
96936c22,34.672220675606056,28.5585068359375,3000,linear_w5
9a6b0392,84.58700008184476,62.38708951822917,3000,linear_w5
9ae248be,24.449522330604907,18.392841796875,3000,linear_w5
9b9e3b49,112.52348294961672,98.26088411458333,3000,linear_w5
9bd2bba3,123.24889967476497,104.62384212239583,3000,linear_w5
9d3ec64c,20.66633211713647,14.562811848958333,3000,linear_w5
9ffce529,16.871429302360067,13.551975911458333,3000,linear_w5
a15bc102,22.5944618827298,18.667833204108234,2781,linear_w5
a2e8e7f6,67.96768886093633,46.1724306640625,3000,linear_w5
a4cdbb0f,26.20920542019779,22.1338349609375,3000,linear_w5
a692b17e,85.41870352343781,63.865810314034015,2852,linear_w5
a6b8ac67,7.369879784098127,5.883375563063063,2553,linear_w5
a6ed2eff,14.1679994450354,10.9006337890625,3000,linear_w5
a9c9b150,4.811355993031938,3.266385503002368,2956,linear_w5
ab112491,106.59135718583862,72.4479921875,3000,linear_w5
ab94878e,76.27899178650551,51.38884483867542,2648,linear_w5
abf460d2,29.844560013344758,25.094111979166666,3000,linear_w5
ad2133a8,58.01972257171072,41.73043359375,3000,linear_w5
b4d8dd4f,51.800189309331564,38.360348938213804,2977,linear_w5
b8c49c1a,266.9855248768042,183.911236328125,3000,linear_w5
ba48188d,63.490870846669495,49.8740478515625,3000,linear_w5
c03d4aed,13.188785256006145,9.270775716145833,3000,linear_w5
c1708b88,109.14115411351513,81.42453645833334,3000,linear_w5
c42fe306,90.77465767331084,60.28987113812182,2553,linear_w5
c50b42f6,24.355290323586356,19.31827363513765,2688,linear_w5
c84c65be,15.34206191405241,12.212218098958333,3000,linear_w5
c9e6734f,100.20182303654266,77.30972233072917,3000,linear_w5
c9fedcf3,16.724214450025,11.867990318251534,2282,linear_w5
cbb406b5,44.7776115331247,30.4464755859375,3000,linear_w5
cda7eb37,8.080571958474666,6.148956264188422,2643,linear_w5
d00e7eb9,70.27931991306761,60.70150227864583,3000,linear_w5
d0a0e7b5,27.955626373916854,23.107561383928573,2856,linear_w5
d217e0c5,9.763254632572249,7.3863172697019515,2357,linear_w5
d273674e,24.03001022300418,18.280364908854168,3000,linear_w5
d463e527,29.5520716816168,19.9917431640625,3000,linear_w5
d63196fe,10.46989571969362,9.17367028429366,2382,linear_w5
d6c320d9,26.671827202368057,20.327093424479166,3000,linear_w5
d7eb0be8,30.975958429595106,17.90327188165924,2581,linear_w5
da3bfe4e,35.01651550451591,28.796289713541668,3000,linear_w5
ddc790ff,19.772317778947208,16.88562318130061,2470,linear_w5
e14d641e,24.184277691042148,16.035188802083333,3000,linear_w5
e161bd0c,570.3962005807141,343.3047216796875,3000,linear_w5
e3b34f5b,52.887146394278716,43.34439301031226,2594,linear_w5
e45a2a62,93.07272522634248,75.50663997395833,3000,linear_w5
e5864244,122.94452564823595,101.8969697265625,3000,linear_w5
e7c36e81,60.57789352207991,48.83001790364583,3000,linear_w5
e7d0c1de,12.059046055285483,7.7502919921875,3000,linear_w5
ea0b99b7,152.37304899070702,96.79590071614584,3000,linear_w5
ea3a0e38,155.95210422255002,121.67690006510416,3000,linear_w5
ea41324e,17.900413273883483,12.829872395833334,3000,linear_w5
eb934281,45.566642790902996,34.3230185546875,3000,linear_w5
ebe69318,77.83172958290189,65.9476337890625,3000,linear_w5
ef8e3ed0,42.00448985597776,31.915849609375,3000,linear_w5
f021b650,21.300308346723895,16.2930379683497,2342,linear_w5
f053a1b9,85.69946063039804,73.4236357421875,3000,linear_w5
f140c2fa,48.23601238955645,36.93421933496256,2404,linear_w5
f49fdea3,52.20867520820108,37.096607747395836,3000,linear_w5
f4d12d23,108.60726125003096,86.66705989583333,3000,linear_w5
f5d8aab6,62.312114269693936,51.115943359375,3000,linear_w5
fa31da94,31.521776668672167,27.79393619791667,3000,linear_w5
fae0c593,116.69571653889787,96.5945849609375,3000,linear_w5
fbd68d27,128.4523242955942,91.56991178385417,3000,linear_w5
fc03f21f,46.3102034259703,32.024444010416666,3000,linear_w5
fd3b4faa,7.43101762038782,5.9329039713541665,3000,linear_w5
febb4411,55.03105169504811,48.16162337239583,3000,linear_w5
fef8af96,72.25287851681868,52.171028069690266,2260,linear_w5
ff8bb73a,122.55806071219187,79.84028483072916,3000,linear_w5
00e12e8b,79.19585584935177,60.968283528645834,3000,linear_w10
02e7fe5a,75.34047544952263,63.382298502604165,3000,linear_w10
044af7d1,102.61970854471556,64.087189453125,3000,linear_w10
09441b8d,27.728891980848196,22.548871419270835,3000,linear_w10
0d99f8e4,39.79823535434478,33.07159895833333,3000,linear_w10
0dc5e64d,20.531145743311956,14.819590494791667,3000,linear_w10
0dd99dc5,112.7718389936749,95.12810026041667,3000,linear_w10
113011eb,16.773307485431022,13.7241787109375,3000,linear_w10
13ce113d,4.734604318030458,3.8307012717221407,2719,linear_w10
14fee784,52.43275682646932,35.72601627604167,3000,linear_w10
153552f5,27.26900083264026,23.9976650390625,3000,linear_w10
1770d7c6,42.04098795384156,29.888254758869422,2868,linear_w10
18d24f7b,8.755136052680683,7.220597005208333,3000,linear_w10
19137a89,66.97148208087572,53.9724599609375,3000,linear_w10
1944513c,33.168535119187226,29.8755263671875,3000,linear_w10
1a518997,27.89171377393059,18.375801106770833,3000,linear_w10
1b08ed48,34.95918088061201,29.49338151041667,3000,linear_w10
1b1c5372,40.55455178729676,28.14505106651013,2369,linear_w10
1b1eba53,43.626633207159735,33.242986653645836,3000,linear_w10
1b6ba517,48.00438032655616,40.887837239583334,3000,linear_w10
1bcb2fcf,60.46578181957692,42.48596419270833,3000,linear_w10
1d78281a,48.566124378223485,38.52180338541667,3000,linear_w10
1e5e3573,79.12384142638436,62.87840364583333,3000,linear_w10
206b6193,27.136808229072564,23.314666015625,3000,linear_w10
2364716c,22.154146914365395,19.182456380208333,3000,linear_w10
26623a50,61.73751974636776,49.4976416015625,3000,linear_w10
28f4eda9,21.395359715074143,18.918912109375,3000,linear_w10
29de15c8,33.30349424487934,28.150913411458333,3000,linear_w10
2d196986,29.924891703060993,22.8676455078125,3000,linear_w10
2ddad940,18.585064460619343,13.953409505208333,3000,linear_w10
310c71a5,25.408557508200555,18.808482747395832,3000,linear_w10
357c12f9,31.343858230048987,26.240430013020834,3000,linear_w10
389ae58f,156.57228052011533,130.38732194010416,3000,linear_w10
3a7dd95d,58.73093690842392,42.62403190104167,3000,linear_w10
3bfee975,14.897231055254261,10.657605279919734,2772,linear_w10
42669188,57.752477534810076,43.04565494791667,3000,linear_w10
43c7f85a,7.899782950683052,5.5942434895833335,3000,linear_w10
445af6c2,106.8293324902403,77.95480859375,3000,linear_w10
46a301e9,67.20900707603732,58.35578255208333,3000,linear_w10
46a7190b,61.733340853947425,47.652537760416664,3000,linear_w10
47222616,73.59293581766298,47.63562469637124,2959,linear_w10
481de5fc,90.6375264087176,60.31030729166667,3000,linear_w10
493b5b31,160.7837675802462,110.56143619791666,3000,linear_w10
4a035ec2,5.740522228709842,4.903583060720845,2178,linear_w10
4c3df468,28.59603280338925,19.5029921875,3000,linear_w10
4ddde4c1,25.065422958221127,17.61445703125,3000,linear_w10
4f4ac5ce,70.08975349345141,47.56532649739583,3000,linear_w10
504c8b08,60.424359007960234,41.40760904947917,3000,linear_w10
52f1e77a,167.62606357425173,135.97904296875,3000,linear_w10
5397ceb1,122.73093908658785,101.69839485677083,3000,linear_w10
5693dde2,13.32796775669365,10.842825290376107,2712,linear_w10
56b00794,71.1038464943821,52.09202311197917,3000,linear_w10
5d11dfb5,34.77523637134564,28.536172200520834,3000,linear_w10
5f6756c5,41.58274645031658,35.2891474609375,3000,linear_w10
633774dc,113.90812326390461,73.121255859375,3000,linear_w10
656a067b,481.1802707709084,343.225796875,3000,linear_w10
65a5466a,25.10519159123489,16.019580729166666,3000,linear_w10
6767c111,116.12886678792849,88.416712890625,3000,linear_w10
6a8fa194,16.203509763410953,12.474379557291666,3000,linear_w10
6d590e26,113.68586218104676,95.46138899739583,3000,linear_w10
6ea22614,26.080412664215455,21.680286754261363,2684,linear_w10
70e1788b,79.4902674108267,57.279158203125,3000,linear_w10
71642c7d,79.0379765504327,65.1186123046875,3000,linear_w10
7224331b,45.739931004461354,33.385381184895834,3000,linear_w10
7256229b,21.548273522977073,15.657432291666666,3000,linear_w10
729e9750,26.094481817295417,20.944654982785003,2614,linear_w10
75d20a82,22.29591841831225,18.5476123046875,3000,linear_w10
764072a5,40.479528759416525,26.903857747395833,3000,linear_w10
7993a768,15.075534648977452,12.235871744791666,3000,linear_w10
7b2c7b3c,77.48567021375777,51.2721708984375,3000,linear_w10
7bb17b96,40.73609856053747,30.959227025664777,2294,linear_w10
7cd4bb31,14.271471883327457,11.471288736979167,3000,linear_w10
7e208414,23.7022149548147,20.53375,3000,linear_w10
807f0298,15.76730159058078,10.680607096354167,3000,linear_w10
811f52b3,21.79992819032741,19.684838216145835,3000,linear_w10
81bf5923,37.83442198075771,27.366223307291666,3000,linear_w10
8382f4b6,9.119877951227808,6.2789733072916665,3000,linear_w10
85380836,125.82621433870375,85.65518359375,3000,linear_w10
86454a6f,62.273720596169625,46.9052578125,3000,linear_w10
87aa3730,28.024367624158778,22.942096354166665,3000,linear_w10
89969c7a,8.674942819510678,7.246271669475082,2448,linear_w10
89f36adf,60.26831491877871,42.976735026041666,3000,linear_w10
89fdb2f2,5.144806645117911,3.589922585227273,2750,linear_w10
8c8348e8,102.19754446127325,72.67901640056697,2337,linear_w10
8d5d46d7,64.67767347185917,55.99621842447917,3000,linear_w10
939d9c34,350.43374388799947,254.04229231770833,3000,linear_w10
940a48d9,66.54770058454812,54.13537174479167,3000,linear_w10
95c8427f,22.609494587393716,15.411483072916667,3000,linear_w10
96936c22,42.614989054739375,34.378222330729166,3000,linear_w10
9a6b0392,87.49919656276593,64.22447102864584,3000,linear_w10
9ae248be,25.05300694460067,19.0208564453125,3000,linear_w10
9b9e3b49,112.41716273489376,98.14276171875,3000,linear_w10
9bd2bba3,128.1619861486545,109.07610546875,3000,linear_w10
9d3ec64c,21.565791362862775,15.076103515625,3000,linear_w10
9ffce529,17.022249665296638,13.9749912109375,3000,linear_w10
a15bc102,24.069056900522508,19.752103419408485,2781,linear_w10
a2e8e7f6,69.09102313002593,47.29198567708333,3000,linear_w10
a4cdbb0f,26.793312668371982,22.644409505208333,3000,linear_w10
a692b17e,85.63488609729745,64.28003272100719,2852,linear_w10
a6b8ac67,5.472876909447996,4.494370899432041,2553,linear_w10
a6ed2eff,11.785201090895015,8.910888671875,3000,linear_w10
a9c9b150,5.54459962386272,3.723647678979195,2956,linear_w10
ab112491,112.47237564413865,76.45426985677084,3000,linear_w10
ab94878e,76.29147156960603,51.5246972951284,2648,linear_w10
abf460d2,31.476045510498995,26.458419270833332,3000,linear_w10
ad2133a8,57.76556513075976,41.81809895833333,3000,linear_w10
b4d8dd4f,51.10778017489275,37.8726325658171,2977,linear_w10
b8c49c1a,269.7139769191077,185.99027766927082,3000,linear_w10
ba48188d,64.37943797518764,50.62839908854167,3000,linear_w10
c03d4aed,14.268538350147868,9.945450846354166,3000,linear_w10
c1708b88,111.0224140503282,82.56022037760417,3000,linear_w10
c42fe306,85.25052604450245,56.61685738897865,2553,linear_w10
c50b42f6,20.970003221671785,16.428848629906064,2688,linear_w10
c84c65be,17.03421796863607,13.989602864583333,3000,linear_w10
c9e6734f,98.84325826750323,76.38572526041666,3000,linear_w10
c9fedcf3,14.040632848166773,10.090414623959246,2282,linear_w10
cbb406b5,44.07912865909191,30.624760416666668,3000,linear_w10
cda7eb37,7.7063414751272505,6.006671144887439,2643,linear_w10
d00e7eb9,70.08198030927781,60.27834375,3000,linear_w10
d0a0e7b5,28.61265424948207,23.649144618785012,2856,linear_w10
d217e0c5,9.836963334685853,7.42882860561625,2357,linear_w10
d273674e,23.670482316514818,18.486495442708332,3000,linear_w10
d463e527,28.967086786483648,19.636095703125,3000,linear_w10
d63196fe,11.65738549808791,9.986426109230688,2382,linear_w10
d6c320d9,29.01684409033798,21.826798828125,3000,linear_w10
d7eb0be8,34.29388808835012,19.24402484502131,2581,linear_w10
da3bfe4e,37.53037343879232,30.901449544270832,3000,linear_w10
ddc790ff,23.62804042697505,19.524164979757085,2470,linear_w10
e14d641e,25.11005091042816,16.59651497395833,3000,linear_w10
e161bd0c,586.2998653673975,352.9142262369792,3000,linear_w10
e3b34f5b,56.64450726074533,46.0672555657286,2594,linear_w10
e45a2a62,94.84232426953162,76.60737174479166,3000,linear_w10
e5864244,122.39286498598536,101.387546875,3000,linear_w10
e7c36e81,59.97476556558017,48.57207747395833,3000,linear_w10
e7d0c1de,12.98273225777945,8.395841796875,3000,linear_w10
ea0b99b7,150.36925203724923,95.92665104166667,3000,linear_w10
ea3a0e38,156.59438450879716,120.61123470052084,3000,linear_w10
ea41324e,15.590191338245639,11.635572916666666,3000,linear_w10
eb934281,45.464014034689185,34.09693977864583,3000,linear_w10
ebe69318,75.77218964217022,64.3539873046875,3000,linear_w10
ef8e3ed0,46.24114255195426,35.81925358072917,3000,linear_w10
f021b650,22.22601280247794,16.96193366046648,2342,linear_w10
f053a1b9,87.20472248085873,74.517802734375,3000,linear_w10
f140c2fa,50.92907492754101,38.87931897358569,2404,linear_w10
f49fdea3,49.31464937723156,35.217087239583336,3000,linear_w10
f4d12d23,109.36736273335845,87.17175065104166,3000,linear_w10
f5d8aab6,63.485918252431645,51.95640266927084,3000,linear_w10
fa31da94,30.749643154379097,27.293920572916665,3000,linear_w10
fae0c593,112.49305650688292,92.94989225260417,3000,linear_w10
fbd68d27,135.36243198810033,96.12599348958334,3000,linear_w10
fc03f21f,45.392099999138864,31.49278515625,3000,linear_w10
fd3b4faa,8.350438042227514,6.656025390625,3000,linear_w10
febb4411,54.370047955468756,47.554106770833336,3000,linear_w10
fef8af96,72.25520369754597,52.19009869330752,2260,linear_w10
ff8bb73a,120.17233744323262,78.21951139322917,3000,linear_w10
00e12e8b,81.49062594509074,63.7335478515625,3000,linear_w25
02e7fe5a,74.29403800967792,62.72283463541667,3000,linear_w25
044af7d1,81.65802888116322,51.101366536458336,3000,linear_w25
09441b8d,27.903677019721243,22.399160481770835,3000,linear_w25
0d99f8e4,37.599623553525525,32.99312955729167,3000,linear_w25
0dc5e64d,19.06034651148767,14.292106770833334,3000,linear_w25
0dd99dc5,109.81953756710165,92.918685546875,3000,linear_w25
113011eb,50.39373641000551,36.38295247395833,3000,linear_w25
13ce113d,5.174856001544873,4.31287424719566,2719,linear_w25
14fee784,53.510761373716456,36.975598958333336,3000,linear_w25
153552f5,30.735018045493447,27.0109091796875,3000,linear_w25
1770d7c6,43.00667015087317,31.702186573831938,2868,linear_w25
18d24f7b,8.6540416422595,7.134407552083333,3000,linear_w25
19137a89,66.83931226252825,53.93755436197917,3000,linear_w25
1944513c,33.9969979873753,30.874611328125,3000,linear_w25
1a518997,27.600176307229127,18.038351888020834,3000,linear_w25
1b08ed48,26.629053742522427,22.878626953125,3000,linear_w25
1b1c5372,40.27533124812928,28.39623910075454,2369,linear_w25
1b1eba53,23.51816030801281,17.688933268229167,3000,linear_w25
1b6ba517,48.87078555975954,41.673376953125,3000,linear_w25
1bcb2fcf,60.20611159751041,41.8968076171875,3000,linear_w25
1d78281a,48.58445318745294,38.37978157552083,3000,linear_w25
1e5e3573,81.33615479068948,64.03169921875,3000,linear_w25
206b6193,27.002158180266314,23.1136923828125,3000,linear_w25
2364716c,20.58713235931786,17.346972330729166,3000,linear_w25
26623a50,60.99408652178272,48.4584970703125,3000,linear_w25
28f4eda9,21.132543295504515,18.626876302083332,3000,linear_w25
29de15c8,31.542237354857154,26.1211064453125,3000,linear_w25
2d196986,29.292719783335553,22.583443359375,3000,linear_w25
2ddad940,19.268954646339186,15.308031575520832,3000,linear_w25
310c71a5,25.354012946950874,18.714090169270833,3000,linear_w25
357c12f9,35.55887984013563,29.780149739583333,3000,linear_w25
389ae58f,133.87062067390613,106.49171061197917,3000,linear_w25
3a7dd95d,62.084750040137976,45.437039713541665,3000,linear_w25
3bfee975,15.760064331766939,11.202799126871392,2772,linear_w25
42669188,62.39127947118513,45.14939615885417,3000,linear_w25
43c7f85a,9.975017342771466,7.606841145833333,3000,linear_w25
445af6c2,108.37822884245179,79.17171744791666,3000,linear_w25
46a301e9,69.5593569805256,60.40896907552084,3000,linear_w25
46a7190b,61.47574181965582,46.78148600260417,3000,linear_w25
47222616,77.8884950628687,50.575787388581446,2959,linear_w25
481de5fc,91.34728860901166,59.8400322265625,3000,linear_w25
493b5b31,162.7204528579309,110.86805110677084,3000,linear_w25
4a035ec2,5.491199505539773,4.773418668216253,2178,linear_w25
4c3df468,30.086809510576874,20.4657880859375,3000,linear_w25
4ddde4c1,24.94579257724946,17.310719401041666,3000,linear_w25
4f4ac5ce,65.90497820818688,44.191934895833334,3000,linear_w25
504c8b08,60.89648984041718,42.331990885416666,3000,linear_w25
52f1e77a,171.14597291790253,138.97313216145832,3000,linear_w25
5397ceb1,125.67371237672229,103.01074609375,3000,linear_w25
5693dde2,16.450445834868464,12.987755159361173,2712,linear_w25
56b00794,72.88083068178973,54.03406022135417,3000,linear_w25
5d11dfb5,37.33065719706909,30.844596354166665,3000,linear_w25
5f6756c5,33.71496726165024,25.800335286458335,3000,linear_w25
633774dc,112.09883469378603,71.830125,3000,linear_w25
656a067b,560.0778145831341,379.81918717447917,3000,linear_w25
65a5466a,25.916803242727298,16.436455078125,3000,linear_w25
6767c111,102.29166022269287,78.72443912760417,3000,linear_w25
6a8fa194,14.623558000677523,11.460338216145834,3000,linear_w25
6d590e26,117.79041156969177,98.91201985677084,3000,linear_w25
6ea22614,26.78470170818157,22.345978920221683,2684,linear_w25
70e1788b,90.49894102729935,64.29840494791667,3000,linear_w25
71642c7d,77.9263932807726,64.14530501302083,3000,linear_w25
7224331b,55.69370819330528,40.20962760416667,3000,linear_w25
7256229b,23.697567931698053,17.0315361328125,3000,linear_w25
729e9750,28.251743514886325,22.723915246030987,2614,linear_w25
75d20a82,23.432777823931062,20.320252604166665,3000,linear_w25
764072a5,39.56856667856906,27.523154622395833,3000,linear_w25
7993a768,17.48948390073459,14.4726171875,3000,linear_w25
7b2c7b3c,94.80515228032819,62.10165071614583,3000,linear_w25
7bb17b96,45.3654164777875,34.440458635298604,2294,linear_w25
7cd4bb31,19.92322553421617,14.987288736979167,3000,linear_w25
7e208414,22.381978933371364,19.372547200520835,3000,linear_w25
807f0298,15.717796933857315,10.249610677083334,3000,linear_w25
811f52b3,24.452159591737466,21.989532552083332,3000,linear_w25
81bf5923,40.088449488819286,29.4601103515625,3000,linear_w25
8382f4b6,8.881868665221967,6.405031901041666,3000,linear_w25
85380836,171.1760998954552,113.20982356770833,3000,linear_w25
86454a6f,62.23999813475561,47.040236979166664,3000,linear_w25
87aa3730,25.673318051254235,20.922068033854167,3000,linear_w25
89969c7a,10.585981724892825,8.274994893790849,2448,linear_w25
89f36adf,57.66569557275617,41.95756119791667,3000,linear_w25
89fdb2f2,4.298315348282036,3.0217730823863636,2750,linear_w25
8c8348e8,105.17592095052339,75.06843292014335,2337,linear_w25
8d5d46d7,64.41087874325994,55.5809462890625,3000,linear_w25
939d9c34,389.32622520135925,271.88213932291666,3000,linear_w25
940a48d9,65.58563447149574,52.005046875,3000,linear_w25
95c8427f,21.37190089902886,16.2853486328125,3000,linear_w25
96936c22,50.07840966075783,39.7493837890625,3000,linear_w25
9a6b0392,91.20256878144643,66.26572005208334,3000,linear_w25
9ae248be,27.915190693700858,21.380776692708334,3000,linear_w25
9b9e3b49,110.50800348747599,96.816212890625,3000,linear_w25
9bd2bba3,134.9867133330678,115.4366015625,3000,linear_w25
9d3ec64c,21.446421197055745,16.878741861979165,3000,linear_w25
9ffce529,15.450881788116321,12.649447916666666,3000,linear_w25
a15bc102,26.193392234858297,21.279231208985077,2781,linear_w25
a2e8e7f6,69.19774718736848,48.512754557291665,3000,linear_w25
a4cdbb0f,27.86473513775031,23.571545572916666,3000,linear_w25
a692b17e,87.96560081181443,65.70700556900859,2852,linear_w25
a6b8ac67,5.406179674009419,4.436471797884842,2553,linear_w25
a6ed2eff,12.179130565686815,9.179875325520833,3000,linear_w25
a9c9b150,4.1938388280126,2.8699589420881257,2956,linear_w25
ab112491,117.76683426159214,79.76059993489584,3000,linear_w25
ab94878e,72.02310740417731,48.90743234870657,2648,linear_w25
abf460d2,34.856794790139965,29.154741861979165,3000,linear_w25
ad2133a8,58.706626777120775,42.833902669270834,3000,linear_w25
b4d8dd4f,50.50818332312476,37.745190011441885,2977,linear_w25
b8c49c1a,294.86998249467615,199.12843196614583,3000,linear_w25
ba48188d,64.96018854175338,51.17518098958333,3000,linear_w25
c03d4aed,14.66411226278569,10.243583984375,3000,linear_w25
c1708b88,109.35581277081586,81.43404264322916,3000,linear_w25
c42fe306,59.561844375505956,38.94563304812965,2553,linear_w25
c50b42f6,19.37839831142803,14.716610136486235,2688,linear_w25
c84c65be,19.51098993959862,16.650083658854168,3000,linear_w25
c9e6734f,97.16928229424198,74.468623046875,3000,linear_w25
c9fedcf3,11.652274464767062,8.409074413891323,2282,linear_w25
cbb406b5,43.691849279290665,31.4982060546875,3000,linear_w25
cda7eb37,9.497978206053554,7.058155904157208,2643,linear_w25
d00e7eb9,68.3722585620737,57.47776627604166,3000,linear_w25
d0a0e7b5,29.628801059995254,24.503826579459908,2856,linear_w25
d217e0c5,9.93031702334513,7.697386193386721,2357,linear_w25
d273674e,22.057464416644113,17.68144921875,3000,linear_w25
d463e527,34.324006200310954,23.7929248046875,3000,linear_w25
d63196fe,8.517858755034744,7.415539643025818,2382,linear_w25
d6c320d9,31.440127583742118,22.9659814453125,3000,linear_w25
d7eb0be8,31.581039065893158,18.128398861269858,2581,linear_w25
da3bfe4e,40.78137552207055,33.52667936197917,3000,linear_w25
ddc790ff,21.52476620047894,18.051649085905872,2470,linear_w25
e14d641e,24.84419004695649,16.4354287109375,3000,linear_w25
e161bd0c,606.0482048590043,365.08361393229166,3000,linear_w25
e3b34f5b,65.68530307117645,52.98185528804453,2594,linear_w25
e45a2a62,94.14099818107621,75.05637923177083,3000,linear_w25
e5864244,123.47023903115937,102.3000908203125,3000,linear_w25
e7c36e81,61.808947029359565,50.3712216796875,3000,linear_w25
e7d0c1de,7.564819865589729,5.556365234375,3000,linear_w25
ea0b99b7,144.66931064362433,92.43673665364584,3000,linear_w25
ea3a0e38,159.87528152413395,123.10203450520834,3000,linear_w25
ea41324e,12.055665504600714,9.739689453125,3000,linear_w25
eb934281,44.18214876526841,32.93019694010417,3000,linear_w25
ebe69318,78.76470012795949,67.912443359375,3000,linear_w25
ef8e3ed0,52.06585263918623,40.703935546875,3000,linear_w25
f021b650,26.533997375051616,19.983537708155424,2342,linear_w25
f053a1b9,98.60520119759475,83.42048990885417,3000,linear_w25
f140c2fa,54.51900803339826,41.3556393640807,2404,linear_w25
f49fdea3,49.59252474482816,34.1630048828125,3000,linear_w25
f4d12d23,122.20852084018895,101.03813834635416,3000,linear_w25
f5d8aab6,61.439608812685066,50.33356477864584,3000,linear_w25
fa31da94,32.636501438951335,28.951259114583333,3000,linear_w25
fae0c593,110.8758528230662,91.45622688802084,3000,linear_w25
fbd68d27,143.019845191493,100.18136295572917,3000,linear_w25
fc03f21f,44.59446743881641,31.317354166666668,3000,linear_w25
fd3b4faa,8.608215906044522,6.824846354166667,3000,linear_w25
febb4411,56.23903715033241,49.212773763020834,3000,linear_w25
fef8af96,72.93876565573235,52.63048819482854,2260,linear_w25
ff8bb73a,122.60282202125703,79.62709602864584,3000,linear_w25
00e12e8b,82.56069086624778,65.85204296875,3000,linear_w50
02e7fe5a,76.99177084557319,64.21851399739583,3000,linear_w50
044af7d1,64.23997700559578,40.370324869791666,3000,linear_w50
09441b8d,28.443334189085675,22.2792744140625,3000,linear_w50
0d99f8e4,35.37367099119356,31.636958984375,3000,linear_w50
0dc5e64d,16.264266825487752,12.691291015625,3000,linear_w50
0dd99dc5,104.49173551581265,88.92838346354166,3000,linear_w50
113011eb,38.55789727300318,28.219228190104168,3000,linear_w50
13ce113d,6.172975664950477,5.262242049581648,2719,linear_w50
14fee784,55.9051137649305,40.374693033854165,3000,linear_w50
153552f5,40.96078193225915,35.699207356770835,3000,linear_w50
1770d7c6,44.036326899528056,32.37752346746426,2868,linear_w50
18d24f7b,8.170805741366793,6.7771435546875,3000,linear_w50
19137a89,68.76031917535484,55.80560416666667,3000,linear_w50
1944513c,46.66563169328391,41.74483951822916,3000,linear_w50
1a518997,27.203421044430492,18.403336588541666,3000,linear_w50
1b08ed48,23.47558517499936,20.109796875,3000,linear_w50
1b1c5372,39.63382974133219,28.510813914758337,2369,linear_w50
1b1eba53,37.9761178360263,29.944092122395833,3000,linear_w50
1b6ba517,50.53915756347949,43.27944596354167,3000,linear_w50
1bcb2fcf,59.20393913111846,40.295850260416664,3000,linear_w50
1d78281a,48.00010953493336,37.794899739583336,3000,linear_w50
1e5e3573,84.17426006279504,65.48883235677083,3000,linear_w50
206b6193,28.73940700597388,24.0893623046875,3000,linear_w50
2364716c,19.35499078161253,14.964139973958334,3000,linear_w50
26623a50,60.569263328069866,47.159017252604166,3000,linear_w50
28f4eda9,22.84664168996209,20.198072591145834,3000,linear_w50
29de15c8,27.82965426478237,18.090345703125,3000,linear_w50
2d196986,27.61595559708262,21.475556640625,3000,linear_w50
2ddad940,18.272327556439233,14.456500651041667,3000,linear_w50
310c71a5,22.41771731249657,16.7853759765625,3000,linear_w50
357c12f9,42.77544875691562,34.96452473958333,3000,linear_w50
389ae58f,129.64006494956476,100.97165657552084,3000,linear_w50
3a7dd95d,67.94247065054358,50.02849674479167,3000,linear_w50
3bfee975,16.808185922244462,11.719132240372474,2772,linear_w50
42669188,69.65352966151569,49.43104069010417,3000,linear_w50
43c7f85a,11.325966560598673,8.919263020833334,3000,linear_w50
445af6c2,110.30862333445968,80.61797428385417,3000,linear_w50
46a301e9,73.70674962392869,64.18202408854167,3000,linear_w50
46a7190b,60.23619834247141,44.47136653645833,3000,linear_w50
47222616,82.34220585828618,53.089175106666104,2959,linear_w50
481de5fc,93.14842302056881,59.498827799479166,3000,linear_w50
493b5b31,162.45414240765942,109.42881412760417,3000,linear_w50
4a035ec2,5.273082469650898,4.632721928087695,2178,linear_w50
4c3df468,31.956819703945065,21.703694986979166,3000,linear_w50
4ddde4c1,24.782437376447778,17.354126302083333,3000,linear_w50
4f4ac5ce,50.848631298164484,34.491373046875,3000,linear_w50
504c8b08,61.29131024520457,42.92031315104167,3000,linear_w50
52f1e77a,189.35358904550898,158.7534384765625,3000,linear_w50
5397ceb1,117.57025665326626,96.36539192708334,3000,linear_w50
5693dde2,21.60435797947203,16.485660159130717,2712,linear_w50
56b00794,76.31885395549367,57.893586588541666,3000,linear_w50
5d11dfb5,39.362251771766246,32.71287630208333,3000,linear_w50
5f6756c5,38.067536644874856,32.8915908203125,3000,linear_w50
633774dc,108.03087633711893,71.326873046875,3000,linear_w50
656a067b,560.8383708975924,368.40252994791666,3000,linear_w50
65a5466a,18.464890351671034,12.728752604166667,3000,linear_w50
6767c111,80.22545439008688,63.324971028645834,3000,linear_w50
6a8fa194,11.885267806413413,9.468821940104167,3000,linear_w50
6d590e26,123.2359313693372,103.67126041666667,3000,linear_w50
6ea22614,27.21906260005543,22.706109628236774,2684,linear_w50
70e1788b,109.01905945560894,76.53552669270833,3000,linear_w50
71642c7d,89.27871536971044,73.39065950520833,3000,linear_w50
7224331b,56.19320564005505,41.90639518229167,3000,linear_w50
7256229b,25.087375639927345,17.9171015625,3000,linear_w50
729e9750,39.168413574635174,30.938869578471692,2614,linear_w50
75d20a82,23.95371613390075,21.437879231770832,3000,linear_w50
764072a5,28.24780048356503,21.962091145833334,3000,linear_w50
7993a768,22.74044630947714,18.828673177083335,3000,linear_w50
7b2c7b3c,123.37883806653402,80.06279329427083,3000,linear_w50
7bb17b96,54.07859550119013,40.97357534260571,2294,linear_w50
7cd4bb31,28.092147266988512,20.267338541666668,3000,linear_w50
7e208414,19.87022373204532,16.955060221354167,3000,linear_w50
807f0298,16.126249169099125,10.460313802083334,3000,linear_w50
811f52b3,27.700985896156325,24.946992513020835,3000,linear_w50
81bf5923,46.84921899029194,35.61362239583333,3000,linear_w50
8382f4b6,9.021214128299347,6.484022135416667,3000,linear_w50
85380836,128.51575021759393,86.62390657552083,3000,linear_w50
86454a6f,61.321273100932515,46.5428115234375,3000,linear_w50
87aa3730,20.783503164136917,16.6112958984375,3000,linear_w50
89969c7a,16.064674461199964,12.867507435917075,2448,linear_w50
89f36adf,52.09775456636691,38.87678157552083,3000,linear_w50
89fdb2f2,3.1932577906308204,2.2219662642045455,2750,linear_w50
8c8348e8,112.51488428602636,80.9792285114463,2337,linear_w50
8d5d46d7,64.27353724288203,55.278716796875,3000,linear_w50
939d9c34,444.50922273015647,292.4673095703125,3000,linear_w50
940a48d9,57.39823646752438,43.6383076171875,3000,linear_w50
95c8427f,19.95246276138859,15.819646484375,3000,linear_w50
96936c22,49.15381869598295,39.16366341145833,3000,linear_w50
9a6b0392,96.86137877548002,69.03610774739583,3000,linear_w50
9ae248be,31.011463800719635,24.139358723958335,3000,linear_w50
9b9e3b49,106.24481724321059,93.09416666666667,3000,linear_w50
9bd2bba3,144.69421375311563,123.95071451822916,3000,linear_w50
9d3ec64c,24.894197735084564,20.542580078125,3000,linear_w50
9ffce529,13.802534004256596,11.464940104166667,3000,linear_w50
a15bc102,31.26033339119667,24.703022111538115,2781,linear_w50
a2e8e7f6,70.7139651472404,51.49739485677083,3000,linear_w50
a4cdbb0f,29.5675592741218,25.06742708333333,3000,linear_w50
a692b17e,83.99567887489604,62.972011485909015,2852,linear_w50
a6b8ac67,9.084408501695327,6.660046085487662,2553,linear_w50
a6ed2eff,11.986196653537982,8.957849609375,3000,linear_w50
a9c9b150,2.249968298099531,1.6341670014377536,2956,linear_w50
ab112491,127.71131087776051,85.6291337890625,3000,linear_w50
ab94878e,64.1146877195215,43.708927949749814,2648,linear_w50
abf460d2,38.921323511174485,31.851741861979168,3000,linear_w50
ad2133a8,60.988360261241475,45.2777822265625,3000,linear_w50
b4d8dd4f,49.21395421870204,37.16394211087084,2977,linear_w50
b8c49c1a,257.6077727814665,160.27076985677084,3000,linear_w50
ba48188d,67.19680420385544,53.09589778645833,3000,linear_w50
c03d4aed,15.702894332836388,11.0860849609375,3000,linear_w50
c1708b88,106.44187653529212,80.46158170572917,3000,linear_w50
c42fe306,53.89447712003774,35.331366820284956,2553,linear_w50
c50b42f6,19.17859380131666,13.510209219796318,2688,linear_w50
c84c65be,28.276116228508545,23.910686848958335,3000,linear_w50
c9e6734f,91.29348992336156,69.09975748697917,3000,linear_w50
c9fedcf3,10.789585382318505,7.601864198756573,2282,linear_w50
cbb406b5,44.08685032896468,33.76343424479167,3000,linear_w50
cda7eb37,11.855821177064072,8.975325077445138,2643,linear_w50
d00e7eb9,66.0971957659417,53.24949772135417,3000,linear_w50
d0a0e7b5,29.618227134776983,24.42296440060399,2856,linear_w50
d217e0c5,10.103834237025668,8.05687471825944,2357,linear_w50
d273674e,20.26441198993524,16.870341145833333,3000,linear_w50
d463e527,34.33631465470782,24.064748046875,3000,linear_w50
d63196fe,5.531306340667421,4.462212934902393,2382,linear_w50
d6c320d9,33.99841753007119,23.368732421875,3000,linear_w50
d7eb0be8,29.446584860909777,17.291014868268114,2581,linear_w50
da3bfe4e,44.27416290675482,35.258556315104165,3000,linear_w50
ddc790ff,19.688149260623668,16.772382654352228,2470,linear_w50
e14d641e,24.12223538884616,15.978486979166666,3000,linear_w50
e161bd0c,621.4999732754774,374.615169921875,3000,linear_w50
e3b34f5b,68.64892033671623,56.00183867819969,2594,linear_w50
e45a2a62,93.70286282369119,72.95049934895833,3000,linear_w50
e5864244,124.94293573754169,103.63829329427084,3000,linear_w50
e7c36e81,63.95390108540953,52.546306966145835,3000,linear_w50
e7d0c1de,4.787129533077543,4.210231119791667,3000,linear_w50
ea0b99b7,133.0547749810229,85.40907259114583,3000,linear_w50
ea3a0e38,164.3298736224883,124.94669270833333,3000,linear_w50
ea41324e,8.12409686694393,6.570809895833333,3000,linear_w50
eb934281,42.561754892878746,31.265527994791668,3000,linear_w50
ebe69318,84.22025111297552,73.22336783854166,3000,linear_w50
ef8e3ed0,56.73235928060231,46.699991861979164,3000,linear_w50
f021b650,32.11286302065279,23.867716228116993,2342,linear_w50
f053a1b9,136.1360214656015,109.95927213541667,3000,linear_w50
f140c2fa,60.15756781975751,45.20066571989393,2404,linear_w50
f49fdea3,44.91328016003264,29.79671484375,3000,linear_w50
f4d12d23,114.27913588898714,97.242103515625,3000,linear_w50
f5d8aab6,60.1237204595547,49.33589453125,3000,linear_w50
fa31da94,35.662537304546404,31.535939453125,3000,linear_w50
fae0c593,112.34847770554276,92.61033984375,3000,linear_w50
fbd68d27,138.51896568419588,96.69482421875,3000,linear_w50
fc03f21f,237.9720231475558,154.77249348958333,3000,linear_w50
fd3b4faa,10.10518923449988,8.342289713541666,3000,linear_w50
febb4411,56.570583553554634,49.512264322916664,3000,linear_w50
fef8af96,76.18426018275716,53.717015089186944,2260,linear_w50
ff8bb73a,125.80571628772128,80.7034697265625,3000,linear_w50
00e12e8b,77.05749551348205,64.30606184895834,3000,linear_w100
02e7fe5a,78.19480884645435,64.07469108072917,3000,linear_w100
044af7d1,69.4621285126936,44.27340885416667,3000,linear_w100
09441b8d,23.90765252558628,18.923880533854167,3000,linear_w100
0d99f8e4,23.11836295655805,17.8829775390625,3000,linear_w100
0dc5e64d,47.9568310294783,33.30214322916667,3000,linear_w100
0dd99dc5,97.2305869762788,83.2797119140625,3000,linear_w100
113011eb,32.67337697517014,23.498110026041665,3000,linear_w100
13ce113d,8.13756350513338,6.716871221611806,2719,linear_w100
14fee784,70.38227132818787,51.46133072916667,3000,linear_w100
153552f5,40.77312038865367,35.788910807291664,3000,linear_w100
1770d7c6,41.12070333590521,30.357223702275103,2868,linear_w100
18d24f7b,6.231720783300997,5.035,3000,linear_w100
19137a89,68.7240796212889,56.37541959635416,3000,linear_w100
1944513c,71.11488284098176,59.266109375,3000,linear_w100
1a518997,32.86556130546493,20.490392578125,3000,linear_w100
1b08ed48,25.67345002033903,19.854722330729167,3000,linear_w100
1b1c5372,39.16708198880175,28.34838918715703,2369,linear_w100
1b1eba53,60.09826844050409,48.54202734375,3000,linear_w100
1b6ba517,51.87565692909101,44.456442708333334,3000,linear_w100
1bcb2fcf,49.68672196597301,32.34412272135417,3000,linear_w100
1d78281a,35.42396408419923,27.915656575520835,3000,linear_w100
1e5e3573,85.56099934434934,66.61974251302084,3000,linear_w100
206b6193,31.460387986691337,25.090522135416666,3000,linear_w100
2364716c,20.265997392741276,14.273569661458334,3000,linear_w100
26623a50,53.15492280400089,39.32680305989583,3000,linear_w100
28f4eda9,41.85320402555435,34.80354134114583,3000,linear_w100
29de15c8,26.3082607377297,22.746616861979167,3000,linear_w100
2d196986,20.508539996567457,16.741995442708333,3000,linear_w100
2ddad940,16.25591193901051,12.082117513020833,3000,linear_w100
310c71a5,15.701691178697935,12.90028125,3000,linear_w100
357c12f9,50.429744668334735,36.34294986979167,3000,linear_w100
389ae58f,143.3987152808979,110.3840361328125,3000,linear_w100
3a7dd95d,79.51381568391683,58.867890299479164,3000,linear_w100
3bfee975,15.758477838426074,10.775744681750542,2772,linear_w100
42669188,56.21000387328225,40.355211263020834,3000,linear_w100
43c7f85a,14.089347619606272,11.624967447916667,3000,linear_w100
445af6c2,119.79462256894449,87.45149186197916,3000,linear_w100
46a301e9,87.36822239289212,76.468751953125,3000,linear_w100
46a7190b,48.5967684893524,35.3204150390625,3000,linear_w100
47222616,82.75930467081959,53.46294276993917,2959,linear_w100
481de5fc,94.20394660156362,62.025416341145835,3000,linear_w100
493b5b31,139.58755929658633,93.35104557291666,3000,linear_w100
4a035ec2,5.3039077314049825,4.649418097882231,2178,linear_w100
4c3df468,37.21947945087459,29.425346354166667,3000,linear_w100
4ddde4c1,25.384542364902224,18.023301432291667,3000,linear_w100
4f4ac5ce,45.014207965404324,30.289825520833332,3000,linear_w100
504c8b08,66.41243333592399,46.327797200520834,3000,linear_w100
52f1e77a,180.9586451396494,152.98493424479167,3000,linear_w100
5397ceb1,110.30830081431773,90.77242740885417,3000,linear_w100
5693dde2,26.661532206759382,20.14916848151733,2712,linear_w100
56b00794,70.89294468644236,56.623162109375,3000,linear_w100
5d11dfb5,36.338190688279134,30.136369791666667,3000,linear_w100
5f6756c5,55.30101636207841,48.021830729166666,3000,linear_w100
633774dc,88.56442629629858,67.9013349609375,3000,linear_w100
656a067b,583.9313564146,376.94765397135416,3000,linear_w100
65a5466a,21.872839890752932,16.395476888020834,3000,linear_w100
6767c111,57.26799751281953,47.697482096354165,3000,linear_w100
6a8fa194,3.973235883219124,3.1417301432291667,3000,linear_w100
6d590e26,127.40927533441818,105.68452473958334,3000,linear_w100
6ea22614,39.31809015923393,32.04690483536699,2684,linear_w100
70e1788b,93.402415016421,67.6697666015625,3000,linear_w100
71642c7d,88.81834663907075,73.112435546875,3000,linear_w100
7224331b,43.94428734368494,37.606072265625,3000,linear_w100
7256229b,23.947040777470995,18.251544921875,3000,linear_w100
729e9750,49.214021939950406,37.895826857785,2614,linear_w100
75d20a82,21.513272827810255,18.1078984375,3000,linear_w100
764072a5,27.868579471594252,23.179400065104165,3000,linear_w100
7993a768,31.039517913147904,26.16585546875,3000,linear_w100
7b2c7b3c,183.0730211953696,116.42409635416666,3000,linear_w100
7bb17b96,60.94001139727693,46.508079841434174,2294,linear_w100
7cd4bb31,26.50085577787368,19.958078125,3000,linear_w100
7e208414,15.4251146438188,10.898425130208333,3000,linear_w100
807f0298,15.988353681710775,10.362543294270834,3000,linear_w100
811f52b3,31.87045104523445,28.634764973958333,3000,linear_w100
81bf5923,65.67244011324861,50.76110384114583,3000,linear_w100
8382f4b6,24.695513053719285,15.958150390625,3000,linear_w100
85380836,108.77262164777918,73.6525,3000,linear_w100
86454a6f,59.99212259571969,46.73045703125,3000,linear_w100
87aa3730,13.537616708921067,9.282893229166667,3000,linear_w100
89969c7a,38.80033531876029,30.019394020629086,2448,linear_w100
89f36adf,40.02845130757428,30.728797526041667,3000,linear_w100
89fdb2f2,3.4337866914728346,2.3854048295454544,2750,linear_w100
8c8348e8,72.4590453917518,53.33388492190843,2337,linear_w100
8d5d46d7,62.01018293479864,53.09948958333333,3000,linear_w100
939d9c34,410.2058063905798,264.73817154947915,3000,linear_w100
940a48d9,36.613243485161874,28.754646484375,3000,linear_w100
95c8427f,24.384956555759643,21.4169912109375,3000,linear_w100
96936c22,45.19377244013178,35.92336686197917,3000,linear_w100
9a6b0392,98.1356153994684,68.32193424479166,3000,linear_w100
9ae248be,28.175371395248145,21.829275390625,3000,linear_w100
9b9e3b49,77.03465135399502,67.8230390625,3000,linear_w100
9bd2bba3,158.857160876815,135.78797233072916,3000,linear_w100
9d3ec64c,38.80520352149448,28.674605143229165,3000,linear_w100
9ffce529,49.50662006112883,37.40504166666667,3000,linear_w100
a15bc102,34.40572399341205,26.58177455557803,2781,linear_w100
a2e8e7f6,74.91405382465415,58.3270146484375,3000,linear_w100
a4cdbb0f,55.62216509531365,44.349430013020836,3000,linear_w100
a692b17e,61.3792786235101,48.59944467424176,2852,linear_w100
a6b8ac67,8.127831189601277,5.95120362380043,2553,linear_w100
a6ed2eff,16.53820226396455,12.890892252604166,3000,linear_w100
a9c9b150,1.0379276661927381,0.7895663084616035,2956,linear_w100
ab112491,137.21523401997993,96.04391764322916,3000,linear_w100
ab94878e,92.3354059594124,60.95999560399358,2648,linear_w100
abf460d2,39.2442861739192,30.594472005208335,3000,linear_w100
ad2133a8,68.9468633591514,52.5295537109375,3000,linear_w100
b4d8dd4f,86.84208930773036,62.45569187993366,2977,linear_w100
b8c49c1a,223.98207159587312,149.72701497395835,3000,linear_w100
ba48188d,67.740875845027,53.483716145833334,3000,linear_w100
c03d4aed,15.818598513169878,11.424312174479166,3000,linear_w100
c1708b88,101.99400489219558,80.3397783203125,3000,linear_w100
c42fe306,51.22457781601108,35.9681754614669,2553,linear_w100
c50b42f6,24.42235367489949,18.074242364792596,2688,linear_w100
c84c65be,112.61738754260551,82.6129169921875,3000,linear_w100
c9e6734f,79.58288019406864,59.02797298177083,3000,linear_w100
c9fedcf3,13.911496040521532,9.113521325180763,2282,linear_w100
cbb406b5,41.935988441958536,30.485097005208335,3000,linear_w100
cda7eb37,8.413323802039644,6.131828547696746,2643,linear_w100
d00e7eb9,68.11448815729383,55.457820638020834,3000,linear_w100
d0a0e7b5,19.318305050461532,15.721793893338585,2856,linear_w100
d217e0c5,10.849149474059299,9.154116229582096,2357,linear_w100
d273674e,18.714019744977936,15.8929599609375,3000,linear_w100
d463e527,32.18751570229749,21.263755208333333,3000,linear_w100
d63196fe,10.411469500625511,7.809104989898195,2382,linear_w100
d6c320d9,34.77420779189936,24.264031901041665,3000,linear_w100
d7eb0be8,41.74427164247319,22.477909861124566,2581,linear_w100
da3bfe4e,35.261341793467274,27.7514365234375,3000,linear_w100
ddc790ff,19.051285832553667,16.284730437120444,2470,linear_w100
e14d641e,22.993287992323033,15.374163411458333,3000,linear_w100
e161bd0c,618.5887302028549,375.5103606770833,3000,linear_w100
e3b34f5b,61.776549440924406,51.24587125638492,2594,linear_w100
e45a2a62,79.2428282090974,59.46485416666667,3000,linear_w100
e5864244,125.65456959853623,104.38471647135417,3000,linear_w100
e7c36e81,67.74688060560405,56.3137841796875,3000,linear_w100
e7d0c1de,19.868260459600926,15.523682942708334,3000,linear_w100
ea0b99b7,87.37922277538408,56.88330924479167,3000,linear_w100
ea3a0e38,200.9068501510853,144.7283681640625,3000,linear_w100
ea41324e,10.534238341712586,8.424284505208334,3000,linear_w100
eb934281,39.36332783907165,24.763963541666666,3000,linear_w100
ebe69318,108.96279130361307,92.99579069010417,3000,linear_w100
ef8e3ed0,55.91204653755536,49.376896484375,3000,linear_w100
f021b650,33.785798725311224,25.02196139784372,2342,linear_w100
f053a1b9,242.05003588400913,177.5557451171875,3000,linear_w100
f140c2fa,62.715944284271956,46.83966298031926,2404,linear_w100
f49fdea3,32.75149575648952,29.1106904296875,3000,linear_w100
f4d12d23,85.65717357428639,73.44258951822917,3000,linear_w100
f5d8aab6,56.29925023702744,46.46845247395834,3000,linear_w100
fa31da94,40.40081934868766,35.48228287760416,3000,linear_w100
fae0c593,108.40090013191447,89.3943623046875,3000,linear_w100
fbd68d27,126.93211520789377,88.05031412760417,3000,linear_w100
fc03f21f,133.13068945713195,103.7386962890625,3000,linear_w100
fd3b4faa,15.284317866673367,13.270326171875,3000,linear_w100
febb4411,49.179865342381554,42.969201822916666,3000,linear_w100
fef8af96,82.05448999011516,57.396092021570794,2260,linear_w100
ff8bb73a,120.79208306250506,76.40088411458333,3000,linear_w100
00e12e8b,80.2110607449142,62.897917643229164,3000,linear_median_slope
02e7fe5a,74.77586253357336,62.67138248697917,3000,linear_median_slope
044af7d1,81.66102252784275,51.13879427083333,3000,linear_median_slope
09441b8d,27.5194141066026,22.124760091145834,3000,linear_median_slope
0d99f8e4,37.599623553525525,32.99312955729167,3000,linear_median_slope
0dc5e64d,19.06034651148767,14.292106770833334,3000,linear_median_slope
0dd99dc5,109.81953756710165,92.918685546875,3000,linear_median_slope
113011eb,34.03827895827356,25.88840169270833,3000,linear_median_slope
13ce113d,5.047246360720345,4.214666323786319,2719,linear_median_slope
14fee784,54.001976370931125,37.304591796875,3000,linear_median_slope
153552f5,32.72528036685692,28.841457682291665,3000,linear_median_slope
1770d7c6,42.85769862877193,31.534556283777896,2868,linear_median_slope
18d24f7b,8.170805741366793,6.7771435546875,3000,linear_median_slope
19137a89,66.83931226252825,53.93755436197917,3000,linear_median_slope
1944513c,34.25624449514294,31.074826822916666,3000,linear_median_slope
1a518997,27.593785392309396,18.007732747395835,3000,linear_median_slope
1b08ed48,29.212106693739493,24.828361979166665,3000,linear_median_slope
1b1c5372,40.27533124812928,28.39623910075454,2369,linear_median_slope
1b1eba53,23.51816030801281,17.688933268229167,3000,linear_median_slope
1b6ba517,49.63118092970107,42.452472330729165,3000,linear_median_slope
1bcb2fcf,60.20611159751041,41.8968076171875,3000,linear_median_slope
1d78281a,48.09303842680042,38.0195634765625,3000,linear_median_slope
1e5e3573,81.33615479068948,64.03169921875,3000,linear_median_slope
206b6193,27.002158180266314,23.1136923828125,3000,linear_median_slope
2364716c,20.58713235931786,17.346972330729166,3000,linear_median_slope
26623a50,60.447078113152536,47.6331103515625,3000,linear_median_slope
28f4eda9,22.033136984685594,19.48152734375,3000,linear_median_slope
29de15c8,31.412821266503833,26.029333333333334,3000,linear_median_slope
2d196986,28.10506956432085,21.793394856770835,3000,linear_median_slope
2ddad940,18.585064460619343,13.953409505208333,3000,linear_median_slope
310c71a5,25.408557508200555,18.808482747395832,3000,linear_median_slope
357c12f9,34.53263406362838,28.514379557291665,3000,linear_median_slope
389ae58f,133.95920247866096,106.5533212890625,3000,linear_median_slope
3a7dd95d,62.084750040137976,45.437039713541665,3000,linear_median_slope
3bfee975,15.760064331766939,11.202799126871392,2772,linear_median_slope
42669188,57.37378850861532,42.005518880208335,3000,linear_median_slope
43c7f85a,9.975017342771466,7.606841145833333,3000,linear_median_slope
445af6c2,108.83692928858119,79.69877083333333,3000,linear_median_slope
46a301e9,69.5593569805256,60.40896907552084,3000,linear_median_slope
46a7190b,61.34244788808833,46.627446614583334,3000,linear_median_slope
47222616,77.85480262340542,50.27290185926411,2959,linear_median_slope
481de5fc,91.34728860901166,59.8400322265625,3000,linear_median_slope
493b5b31,160.49427857066675,109.49043587239584,3000,linear_median_slope
4a035ec2,5.491199505539773,4.773418668216253,2178,linear_median_slope
4c3df468,30.086809510576874,20.4657880859375,3000,linear_median_slope
4ddde4c1,25.065422958221127,17.61445703125,3000,linear_median_slope
4f4ac5ce,65.90497820818688,44.191934895833334,3000,linear_median_slope
504c8b08,60.89648984041718,42.331990885416666,3000,linear_median_slope
52f1e77a,168.79306286221373,137.32446744791667,3000,linear_median_slope
5397ceb1,119.73813198636454,98.67216438802083,3000,linear_median_slope
5693dde2,16.450445834868464,12.987755159361173,2712,linear_median_slope
56b00794,71.78991759832539,53.3190537109375,3000,linear_median_slope
5d11dfb5,37.33065719706909,30.844596354166665,3000,linear_median_slope
5f6756c5,33.71496726165024,25.800335286458335,3000,linear_median_slope
633774dc,111.05702714044767,71.19698079427083,3000,linear_median_slope
656a067b,560.0778145831341,379.81918717447917,3000,linear_median_slope
65a5466a,24.616117160040744,15.6760947265625,3000,linear_median_slope
6767c111,102.29166022269287,78.72443912760417,3000,linear_median_slope
6a8fa194,14.468358126634712,11.289269856770833,3000,linear_median_slope
6d590e26,117.61463838475787,98.7152626953125,3000,linear_median_slope
6ea22614,27.14601048050061,22.62270740673901,2684,linear_median_slope
70e1788b,90.49894102729935,64.29840494791667,3000,linear_median_slope
71642c7d,78.54299121198054,64.68786946614583,3000,linear_median_slope
7224331b,46.16716743127187,34.58906184895833,3000,linear_median_slope
7256229b,23.75334225364915,17.061406901041668,3000,linear_median_slope
729e9750,28.249992119992932,22.722088020634086,2614,linear_median_slope
75d20a82,23.12142484481495,19.992847005208333,3000,linear_median_slope
764072a5,39.56856667856906,27.523154622395833,3000,linear_median_slope
7993a768,17.48948390073459,14.4726171875,3000,linear_median_slope
7b2c7b3c,94.80515228032819,62.10165071614583,3000,linear_median_slope
7bb17b96,45.3654164777875,34.440458635298604,2294,linear_median_slope
7cd4bb31,19.92322553421617,14.987288736979167,3000,linear_median_slope
7e208414,22.381978933371364,19.372547200520835,3000,linear_median_slope
807f0298,14.47813302118716,9.359546223958333,3000,linear_median_slope
811f52b3,24.452159591737466,21.989532552083332,3000,linear_median_slope
81bf5923,40.088449488819286,29.4601103515625,3000,linear_median_slope
8382f4b6,8.469412449845493,5.9342939453125,3000,linear_median_slope
85380836,125.75061973497432,85.258796875,3000,linear_median_slope
86454a6f,62.23999813475561,47.040236979166664,3000,linear_median_slope
87aa3730,25.673318051254235,20.922068033854167,3000,linear_median_slope
89969c7a,10.585981724892825,8.274994893790849,2448,linear_median_slope
89f36adf,57.66569557275617,41.95756119791667,3000,linear_median_slope
89fdb2f2,4.254124421340253,2.976734730113636,2750,linear_median_slope
8c8348e8,102.23250148493733,73.02199584804237,2337,linear_median_slope
8d5d46d7,64.36584712864271,55.545959635416665,3000,linear_median_slope
939d9c34,389.32622520135925,271.88213932291666,3000,linear_median_slope
940a48d9,64.73213030467586,51.438736328125,3000,linear_median_slope
95c8427f,21.37190089902886,16.2853486328125,3000,linear_median_slope
96936c22,45.52660979002302,36.39269954427083,3000,linear_median_slope
9a6b0392,91.20256878144643,66.26572005208334,3000,linear_median_slope
9ae248be,25.99645747490257,19.942668294270835,3000,linear_median_slope
9b9e3b49,108.92798243296106,95.3596923828125,3000,linear_median_slope
9bd2bba3,134.9867133330678,115.4366015625,3000,linear_median_slope
9d3ec64c,21.446421197055745,16.878741861979165,3000,linear_median_slope
9ffce529,15.48811114553754,12.663051106770833,3000,linear_median_slope
a15bc102,26.193392234858297,21.279231208985077,2781,linear_median_slope
a2e8e7f6,69.08359440308612,48.439534830729166,3000,linear_median_slope
a4cdbb0f,27.69663895301069,23.431236653645833,3000,linear_median_slope
a692b17e,85.55453346284496,64.12721301663306,2852,linear_median_slope
a6b8ac67,5.406179674009419,4.436471797884842,2553,linear_median_slope
a6ed2eff,12.179130565686815,9.179875325520833,3000,linear_median_slope
a9c9b150,4.1938388280126,2.8699589420881257,2956,linear_median_slope
ab112491,117.63710143150168,79.38882877604166,3000,linear_median_slope
ab94878e,76.29147156960603,51.5246972951284,2648,linear_median_slope
abf460d2,34.7449501677058,29.040271158854168,3000,linear_median_slope
ad2133a8,58.921000418001135,42.9978310546875,3000,linear_median_slope
b4d8dd4f,51.53555308921233,38.47900735062563,2977,linear_median_slope
b8c49c1a,266.43752629569155,181.56889095052082,3000,linear_median_slope
ba48188d,64.6013060703119,50.864078776041666,3000,linear_median_slope
c03d4aed,14.68512179432533,10.338001627604166,3000,linear_median_slope
c1708b88,109.14115411351513,81.42453645833334,3000,linear_median_slope
c42fe306,59.561844375505956,38.94563304812965,2553,linear_median_slope
c50b42f6,19.37839831142803,14.716610136486235,2688,linear_median_slope
c84c65be,19.93079496005181,17.033289388020833,3000,linear_median_slope
c9e6734f,97.16928229424198,74.468623046875,3000,linear_median_slope
c9fedcf3,13.988144378393455,9.961148475158852,2282,linear_median_slope
cbb406b5,43.691849279290665,31.4982060546875,3000,linear_median_slope
cda7eb37,8.258362534686865,6.169142989737042,2643,linear_median_slope
d00e7eb9,68.3722585620737,57.47776627604166,3000,linear_median_slope
d0a0e7b5,28.61265424948207,23.649144618785012,2856,linear_median_slope
d217e0c5,9.920092892999644,7.6913917486476455,2357,linear_median_slope
d273674e,22.057464416644113,17.68144921875,3000,linear_median_slope
d463e527,32.35008332992525,21.692127278645835,3000,linear_median_slope
d63196fe,8.517858755034744,7.415539643025818,2382,linear_median_slope
d6c320d9,31.440127583742118,22.9659814453125,3000,linear_median_slope
d7eb0be8,31.581039065893158,18.128398861269858,2581,linear_median_slope
da3bfe4e,40.34674786322491,33.188049153645835,3000,linear_median_slope
ddc790ff,19.66334523421374,16.729329690662954,2470,linear_median_slope
e14d641e,24.180341884512803,16.014734049479166,3000,linear_median_slope
e161bd0c,606.0487616389298,365.1474990234375,3000,linear_median_slope
e3b34f5b,59.83801611994099,48.8161845093244,2594,linear_median_slope
e45a2a62,93.51834104287465,74.64176041666667,3000,linear_median_slope
e5864244,122.94452564823595,101.8969697265625,3000,linear_median_slope
e7c36e81,61.85632784000826,50.405173177083334,3000,linear_median_slope
e7d0c1de,7.564819865589729,5.556365234375,3000,linear_median_slope
ea0b99b7,144.66774913304894,92.42489680989583,3000,linear_median_slope
ea3a0e38,159.60331411566284,122.54255696614584,3000,linear_median_slope
ea41324e,12.055665504600714,9.739689453125,3000,linear_median_slope
eb934281,44.18214876526841,32.93019694010417,3000,linear_median_slope
ebe69318,78.76470012795949,67.912443359375,3000,linear_median_slope
ef8e3ed0,47.06841733767409,37.45009147135416,3000,linear_median_slope
f021b650,26.53378628057885,19.977265941903287,2342,linear_median_slope
f053a1b9,98.60520119759475,83.42048990885417,3000,linear_median_slope
f140c2fa,54.497919456577655,41.283719029482114,2404,linear_median_slope
f49fdea3,48.99214656654594,33.7933974609375,3000,linear_median_slope
f4d12d23,115.56521431660354,96.38341764322917,3000,linear_median_slope
f5d8aab6,61.439608812685066,50.33356477864584,3000,linear_median_slope
fa31da94,33.63445056524841,29.8019833984375,3000,linear_median_slope
fae0c593,112.06479571237628,92.54358756510416,3000,linear_median_slope
fbd68d27,135.10748065617815,95.27013248697916,3000,linear_median_slope
fc03f21f,46.13172947636022,32.27744791666667,3000,linear_median_slope
fd3b4faa,8.599818537427756,6.820248372395834,3000,linear_median_slope
febb4411,55.178932169879474,48.2875517578125,3000,linear_median_slope
fef8af96,72.93876565573235,52.63048819482854,2260,linear_median_slope
ff8bb73a,122.5189422370256,79.57567220052083,3000,linear_median_slope
