Well_ID,Horizontal_Rows_IQR_outlier,Prediction_Horizon_MD_IQR_outlier,Prediction_Percentage_IQR_outlier,GR_Missing_Percentage_IQR_outlier,Horizontal_TVT_Range_IQR_outlier,Abs_Delta_TVT_IQR_outlier,TVT_Change_Per_MD_IQR_outlier,Longest_GR_Missing_Run_IQR_outlier,Pred_Coverage_Lower_Margin_IQR_outlier,Pred_Coverage_Upper_Margin_IQR_outlier,IQR_Outlier_Count,Coverage_Issue,Internal_Gap_Flag
000d7d20,False,False,False,False,False,False,False,False,False,False,0,False,False
00bbac68,False,False,False,False,False,False,False,False,False,False,0,False,False
00e12e8b,False,False,False,False,False,False,False,False,False,True,1,False,False
015fe0d2,False,False,False,False,False,False,False,False,False,False,0,False,False
01869cd4,False,False,False,False,False,False,False,False,False,False,0,False,False
01982c1d,False,False,False,False,False,False,False,False,False,True,1,False,False
028d7b28,False,False,False,False,False,False,False,False,False,True,1,False,False
02e7fe5a,False,False,False,False,False,False,False,False,False,False,0,False,False
0390d174,False,False,False,False,False,False,False,False,False,True,1,False,False
03a935ae,False,False,False,False,False,True,True,False,False,False,2,False,False
044af7d1,False,False,False,False,False,False,False,False,False,False,0,False,False
0498acab,False,False,False,False,False,False,False,False,False,False,0,False,False
052d64df,False,False,True,False,False,False,False,False,False,False,1,False,False
05948241,False,False,False,False,False,False,False,False,False,False,0,False,False
059c8f24,False,False,False,False,False,False,False,False,False,True,1,False,False
05a0ee4d,False,False,False,False,False,False,False,False,False,False,0,False,False
060ab2b8,False,False,False,False,False,False,False,False,False,False,0,False,False
06df5958,False,False,False,False,False,False,False,False,False,True,1,False,False
071d7b45,False,False,False,False,False,False,False,False,False,False,0,False,False
0849b4e2,False,False,False,False,False,False,False,False,False,False,0,False,False
084d66f9,False,False,False,False,False,False,False,False,False,False,0,False,False
08fecf00,False,False,False,False,False,False,False,False,False,False,0,False,False
09053135,False,False,False,False,False,False,False,False,False,False,0,False,False
09441b8d,False,False,False,False,False,False,False,True,False,False,1,False,False
0955cd6c,False,False,False,False,False,False,False,False,False,False,0,False,False
09ec2ca9,False,False,False,False,False,False,False,False,False,False,0,False,False
0a57a29c,False,False,False,False,False,False,False,False,False,False,0,False,False
0bbf5e67,False,False,False,False,False,False,False,False,False,True,1,False,False
0be01c24,False,False,False,False,False,False,False,False,False,False,0,False,False
0c1b160c,False,False,False,False,False,False,False,False,False,False,0,False,False
0d99f8e4,False,False,False,False,False,False,False,False,False,False,0,False,False
0dc5e64d,False,False,False,False,False,True,True,False,False,False,2,False,False
0dc835f3,False,False,False,False,False,False,False,False,False,True,1,False,False
0dd99dc5,False,False,False,False,False,False,False,True,False,False,1,False,False
0e5e560d,False,False,False,False,False,False,False,False,False,False,0,False,False
109d9d70,False,False,False,False,False,False,False,False,False,False,0,False,False
10a1281a,False,False,False,False,False,False,False,True,False,False,1,False,False
10b89021,False,False,False,False,False,False,False,True,False,False,1,False,False
10be2420,False,False,False,False,False,False,False,False,False,False,0,False,False
113011eb,False,False,False,False,False,False,False,False,False,False,0,False,False
1131525f,False,False,False,False,False,False,False,False,False,False,0,False,False
11d0f5ac,False,False,False,False,False,False,False,False,False,False,0,False,False
12203f2a,False,False,False,False,False,False,False,False,False,False,0,False,False
122bd617,False,False,False,False,False,False,False,True,False,False,1,False,False
125be846,False,False,False,False,False,False,False,False,False,False,0,False,False
1285a37b,False,False,False,False,False,False,False,False,False,False,0,False,False
1295a25b,False,False,False,False,False,False,False,False,False,False,0,False,False
12f0cd90,False,False,False,False,False,False,False,False,False,False,0,False,False
137d1e44,False,False,False,False,False,False,False,False,False,False,0,False,False
13ce113d,False,False,False,False,False,False,False,False,False,False,0,False,False
13f598d9,False,False,False,False,False,False,False,True,False,False,1,False,False
14a53cb3,False,False,False,False,False,False,False,False,False,False,0,False,False
14ab73fb,False,False,False,False,False,False,False,False,False,False,0,False,False
14ad5efb,False,False,False,False,False,False,False,False,False,False,0,False,False
14fee784,False,False,False,False,False,False,False,False,False,False,0,False,False
153552f5,False,False,False,False,False,False,False,False,False,True,1,False,False
1550491d,False,False,False,False,False,False,False,False,False,False,0,False,False
155887bb,False,False,False,False,False,False,False,True,False,False,1,False,False
1590af81,False,False,False,False,False,False,False,False,False,False,0,False,False
15e154a1,False,False,False,False,False,False,False,False,False,False,0,False,False
1619e2ca,False,False,False,False,False,False,False,False,False,False,0,False,False
16e4a047,False,False,False,False,False,False,False,False,False,False,0,False,False
173ed841,False,False,False,False,False,False,False,False,False,False,0,False,False
1770d7c6,False,False,False,False,False,False,False,False,False,False,0,False,False
177622d7,False,False,False,False,False,False,False,False,False,False,0,False,False
18d24f7b,False,False,False,False,False,False,False,False,False,False,0,False,False
19137a89,False,False,False,False,False,False,False,True,False,True,2,False,False
1944513c,False,False,False,False,False,False,False,True,False,False,1,False,False
197f8a5a,False,False,False,False,False,False,False,False,False,False,0,False,False
19871e7f,False,False,False,False,False,False,False,False,False,False,0,False,False
198a5607,False,False,False,False,False,False,False,False,False,False,0,False,False
19fb4f7b,False,False,False,False,False,False,False,False,False,False,0,False,False
1a518997,False,False,False,False,False,False,False,True,False,False,1,False,False
1a68190b,False,False,False,False,False,False,False,False,False,False,0,False,False
1a730ac2,False,False,False,False,False,False,False,False,False,False,0,False,False
1aaf1da0,False,False,False,False,False,False,False,False,False,False,0,False,False
1b08ed48,False,False,False,False,False,False,False,False,False,False,0,False,False
1b1c5372,False,False,False,False,False,False,False,False,False,False,0,False,False
1b1eba53,False,False,False,False,False,True,True,False,False,False,2,False,False
1b6ba517,False,False,False,False,False,False,False,False,False,False,0,False,False
1b82b665,False,False,False,False,False,False,False,True,False,False,1,False,False
1bcb2fcf,False,False,False,False,False,False,False,False,False,False,0,False,False
1beca81d,False,False,False,False,False,False,False,False,False,False,0,False,False
1d3fbf02,False,False,False,False,False,False,False,False,False,False,0,False,False
1d78281a,False,False,False,False,False,False,False,False,False,False,0,False,False
1e30dedf,False,False,False,False,False,False,False,False,False,True,1,False,False
1e5e3573,False,False,False,False,False,False,False,False,False,False,0,False,False
1f9afacb,False,False,False,False,False,False,False,False,False,False,0,False,False
1fdbba44,False,False,False,False,False,False,False,False,False,False,0,False,False
1fee2b62,False,False,False,False,False,False,False,False,False,False,0,False,False
20096916,False,False,False,False,False,False,False,False,False,False,0,False,False
200d233d,False,False,False,False,False,False,False,False,False,False,0,False,False
201661b5,False,False,False,False,False,False,False,False,False,False,0,False,False
203721ab,False,False,False,False,False,False,False,False,False,False,0,False,False
20402d71,False,False,False,False,False,False,False,False,False,False,0,False,False
2043abc5,False,False,False,False,False,False,False,False,False,False,0,False,False
204cc64b,False,False,False,False,False,False,False,False,False,True,1,False,False
206b6193,False,False,False,False,False,True,True,False,False,False,2,False,False
2075c696,False,False,True,False,False,False,False,False,False,False,1,False,False
22c5f93f,False,False,False,False,False,False,False,False,False,False,0,False,False
230eaaa3,False,False,False,False,False,True,True,False,False,False,2,False,False
2364716c,False,False,False,False,False,False,False,False,False,False,0,False,False
23b9beb0,False,False,False,False,False,False,False,False,False,False,0,False,False
24d8997e,False,False,False,False,False,False,False,False,False,False,0,False,False
25050f63,False,False,False,False,False,False,False,False,False,False,0,False,False
25939962,False,False,False,False,False,False,False,False,False,False,0,False,False
25fd32b3,False,False,False,False,False,False,False,False,False,False,0,False,False
261785ee,False,False,False,False,False,False,False,False,False,True,1,False,False
264feceb,False,False,False,False,False,False,False,False,False,False,0,False,False
26623a50,False,False,False,False,False,False,False,False,False,False,0,False,False
26d3a96a,False,False,False,False,False,False,False,False,False,False,0,False,False
272abef3,False,False,False,False,False,False,False,False,False,False,0,False,False
27300fd5,False,False,False,False,False,False,False,False,False,True,1,False,False
276b012a,False,False,False,False,False,False,False,False,False,True,1,False,False
27c3155b,False,False,False,False,False,False,False,False,False,False,0,False,False
27ebb9b9,False,False,False,False,False,False,False,False,False,True,1,False,False
283269ac,False,False,True,False,False,False,False,False,False,False,1,False,False
28473855,False,False,False,False,False,False,False,False,False,False,0,False,False
28f4eda9,False,False,False,False,False,False,False,False,False,False,0,False,False
29b24409,False,False,False,False,False,False,False,True,False,False,1,False,False
29de15c8,False,False,False,False,False,False,False,False,False,False,0,False,False
2ab29395,False,False,True,False,False,False,False,False,False,False,1,False,False
2ac7cb6b,False,False,False,False,False,True,True,False,False,False,2,False,False
2acc78d4,False,False,False,False,False,False,False,False,False,False,0,False,False
2b034622,False,False,False,False,False,False,False,False,False,False,0,False,False
2b06ad65,False,False,False,False,False,False,False,False,False,False,0,False,False
2b547943,False,False,False,False,False,False,False,False,False,False,0,False,False
2be5c96a,False,False,False,False,False,False,False,False,False,True,1,False,False
2bff06cf,False,False,False,False,False,False,False,True,False,False,1,False,False
2c0c4a4e,False,False,False,False,False,False,False,False,False,False,0,False,False
2cee0cba,False,False,False,False,False,False,False,False,False,True,1,False,False
2d0c268a,False,False,False,False,False,False,False,False,False,False,0,False,False
2d179ded,False,False,False,False,False,False,False,False,False,False,0,False,False
2d196986,False,False,False,False,False,False,False,False,False,False,0,False,False
2d2d0c6b,False,False,False,False,False,False,False,True,False,False,1,False,False
2d35f86d,False,False,False,False,False,False,False,False,False,False,0,False,False
2d9f6cb9,False,False,False,False,False,False,False,False,False,False,0,False,False
2ddad940,False,False,False,False,False,False,False,False,False,False,0,False,False
2e29e833,False,False,False,False,False,False,False,False,False,False,0,False,False
2e43c2ea,False,False,False,False,False,False,False,False,False,False,0,False,False
2e63d9de,False,False,False,False,False,False,False,False,False,False,0,False,False
2ee0235b,False,False,False,False,False,False,False,False,False,False,0,False,False
2f19d536,False,False,False,False,False,False,False,False,False,False,0,False,False
2f8e53c3,False,False,False,False,False,False,False,False,False,False,0,False,False
2fa01aa6,False,False,True,False,False,False,True,False,False,False,2,False,False
2fd68f7b,False,False,False,False,False,True,True,False,False,False,2,False,False
2fe023be,False,False,False,False,False,False,False,False,False,False,0,False,False
30d75030,False,False,False,False,False,True,True,False,False,False,2,False,False
310c71a5,False,False,False,False,False,False,False,False,False,False,0,False,False
32fe84c9,False,False,False,False,False,False,False,False,False,False,0,False,False
33c40295,False,False,False,False,False,False,False,True,False,False,1,False,False
3407f5bf,False,False,False,False,False,True,True,False,False,False,2,False,False
3417285d,False,False,False,False,False,False,False,False,False,False,0,False,False
347242c8,False,False,False,False,False,False,False,False,False,False,0,False,False
353e5502,False,False,False,False,False,False,False,False,False,True,1,False,False
357c12f9,False,False,False,False,False,False,False,False,False,False,0,False,False
3584a6eb,False,False,False,False,False,False,False,False,False,False,0,False,False
35b30c7f,True,True,False,False,False,False,False,False,False,False,2,False,False
35b3ef6a,False,False,False,False,False,False,True,False,False,False,1,False,False
367456ce,False,False,False,False,False,False,False,False,False,False,0,False,False
368131f9,False,False,False,False,False,False,False,True,False,False,1,False,False
368fe682,False,False,False,False,False,False,False,False,False,False,0,False,False
3690a146,False,False,False,False,False,False,False,False,False,False,0,False,False
37344c2a,False,False,False,False,False,False,False,False,False,False,0,False,False
373ef48b,False,False,False,False,False,False,False,False,False,False,0,False,False
374be387,True,True,False,False,False,False,False,False,False,False,2,False,False
37d36812,False,False,False,False,False,False,False,False,False,False,0,False,False
38991fd4,False,False,False,False,False,False,False,True,False,False,1,False,False
389ae58f,False,False,False,False,False,True,False,False,False,False,1,False,False
3932faa6,False,False,False,False,False,False,False,False,False,False,0,False,False
398dce4b,False,False,False,False,False,False,False,False,False,False,0,False,False
39b51819,False,False,False,False,False,False,False,False,False,False,0,False,False
3a0af893,False,False,False,False,False,False,False,False,False,False,0,False,False
3a223519,False,False,False,False,False,False,False,False,False,False,0,False,False
3a7dd95d,False,False,False,False,False,False,False,False,False,False,0,False,False
3a824aa7,False,False,False,False,False,False,False,False,False,False,0,False,False
3a86fe8d,False,False,False,False,False,False,False,False,False,False,0,False,False
3aaa2b30,False,False,False,False,False,False,False,False,False,False,0,False,False
3ac16ad0,False,False,False,False,False,False,False,False,False,False,0,False,False
3b21ea64,False,False,False,False,False,False,False,False,False,True,1,False,False
3bbe1f5d,False,False,False,False,False,False,False,False,False,False,0,False,False
3bfee975,False,False,False,False,False,False,False,False,False,False,0,False,False
3c3dbcbc,False,False,False,False,False,False,False,False,False,False,0,False,False
3d96d897,False,False,False,False,False,False,False,False,False,False,0,False,False
3df4b19e,False,False,False,False,False,False,False,False,False,False,0,False,False
3e011332,False,False,True,False,False,False,False,False,False,False,1,False,False
3e678ea7,False,False,False,False,False,False,False,False,False,False,0,False,False
3ef6372a,False,False,False,False,False,False,False,False,False,False,0,False,False
3ef98781,False,False,False,False,False,False,False,False,False,False,0,False,False
3f603129,False,False,False,False,False,False,False,False,False,False,0,False,False
404c4384,True,True,True,False,False,False,True,False,False,False,4,False,False
4121c517,False,False,False,False,False,False,False,False,False,False,0,False,False
41fb0192,False,False,False,False,False,False,False,False,False,False,0,False,False
42669188,False,False,False,False,False,False,False,False,False,True,1,False,False
42c538a1,False,False,False,False,False,False,False,False,False,False,0,False,False
43b06c70,False,False,False,False,False,False,False,False,False,False,0,False,False
43c7f85a,False,False,False,False,False,False,False,False,False,False,0,False,False
43e16325,False,False,False,False,False,True,True,False,False,False,2,False,False
44441e54,False,False,False,False,False,False,False,False,False,False,0,False,False
445af6c2,False,False,False,False,False,False,False,False,False,False,0,False,False
4463446c,False,False,False,False,False,False,False,False,False,False,0,False,False
44a94013,False,False,False,False,False,True,True,False,False,False,2,False,False
45fb3e21,False,False,False,False,False,False,True,False,False,False,1,False,False
460f859e,False,False,False,False,False,False,False,False,False,False,0,False,False
4630ab92,False,False,False,False,False,False,False,False,False,False,0,False,False
463c38f2,False,False,False,False,False,False,False,False,False,False,0,False,False
4654e7de,False,False,False,False,False,False,False,False,False,False,0,False,False
466fc788,False,False,False,False,False,False,False,False,False,False,0,False,False
46a301e9,True,True,False,False,False,False,False,False,False,True,3,False,False
46a7190b,False,False,False,False,False,False,False,False,False,False,0,False,False
46d24a09,False,False,False,False,False,False,False,False,False,False,0,False,False
46d41ff6,False,False,False,False,False,False,False,False,False,False,0,False,False
46dfcfca,False,False,False,False,False,True,True,False,False,False,2,False,False
47222616,False,False,False,False,False,False,False,False,False,False,0,False,False
47ee27ab,False,False,False,False,False,False,False,True,False,False,1,False,False
481de5fc,False,False,False,False,False,False,False,False,False,False,0,False,False
48c1f673,False,False,False,False,False,False,False,True,False,False,1,False,False
4936af16,False,False,False,False,False,False,False,False,False,False,0,False,False
493b5b31,False,False,False,False,False,False,False,False,False,True,1,False,False
49dbc14c,False,False,False,False,False,False,False,False,False,False,0,False,False
4a035ec2,False,False,True,False,False,False,True,False,False,False,2,False,False
4a335117,False,False,False,False,False,True,True,False,False,False,2,False,False
4a8ecc0b,False,False,False,False,False,False,False,False,False,False,0,False,False
4b462989,False,False,False,False,False,False,False,False,False,False,0,False,False
4b831d20,False,False,False,False,False,False,False,False,False,False,0,False,False
4c2208f5,False,False,False,False,False,False,False,False,False,True,1,False,False
4c3168cf,False,False,False,False,False,False,False,False,False,False,0,False,False
4c3df468,False,False,False,False,False,False,False,False,False,False,0,False,False
4caa7289,False,False,False,False,False,False,False,False,False,False,0,False,False
4cd1ac61,False,False,False,False,False,False,False,False,False,False,0,False,False
4cecf7b3,False,False,False,False,False,False,False,True,False,False,1,False,False
4ddde4c1,False,False,False,False,False,False,False,False,False,False,0,False,False
4e050c92,False,False,False,False,False,False,False,False,False,False,0,False,False
4ed93db6,False,False,False,False,False,False,False,False,False,False,0,False,False
4f3eb9e9,False,False,False,False,False,True,True,False,False,False,2,False,False
4f4ac5ce,False,False,False,False,False,False,False,False,False,True,1,False,False
4f4afcc6,False,False,False,False,False,False,False,False,False,False,0,False,False
4f69febf,False,False,False,False,False,False,False,False,False,False,0,False,False
4fbe9c06,False,False,False,False,False,False,False,True,False,False,1,False,False
504c8b08,False,False,False,False,False,False,False,False,False,False,0,False,False
511e1db0,False,False,False,False,False,False,False,False,False,False,0,False,False
512943b2,False,False,False,False,False,False,False,False,False,False,0,False,False
5138a660,False,False,False,False,False,False,False,False,False,False,0,False,False
516088b7,False,False,False,False,False,False,False,False,False,False,0,False,False
521a7819,False,False,False,False,False,False,False,True,False,False,1,False,False
5254b6db,False,False,False,False,False,False,False,False,False,False,0,False,False
529e88ca,False,False,False,False,False,False,False,False,False,False,0,False,False
52f1e77a,False,False,False,False,False,False,False,False,False,False,0,False,False
5305524b,False,False,False,False,False,False,False,False,False,False,0,False,False
53134831,False,False,False,False,False,False,False,False,False,False,0,False,False
5397ceb1,False,False,False,False,False,False,False,False,False,False,0,False,False
53f23031,True,True,False,False,False,False,False,False,False,False,2,False,False
543198e8,False,False,False,False,False,True,False,True,False,False,2,False,False
54753541,False,False,False,False,False,True,True,False,False,False,2,False,False
54a7e3c2,False,False,False,False,False,False,False,False,False,False,0,False,False
5542c301,False,False,False,False,False,False,False,True,False,False,1,False,False
5567d551,False,False,False,False,False,False,False,False,False,False,0,False,False
55efee7f,False,False,False,False,False,False,False,True,False,False,1,False,False
5663b2b7,False,False,False,False,False,False,False,False,False,False,0,False,False
5693dde2,False,False,False,False,False,False,False,False,False,False,0,False,False
56b00794,False,False,False,False,False,False,False,False,False,False,0,False,False
57796579,False,False,False,False,False,False,False,False,False,False,0,False,False
577eec7c,False,False,False,False,False,False,False,False,False,False,0,False,False
57f05c51,False,False,False,False,False,False,False,False,False,True,1,False,False
58850d2c,False,False,False,False,False,False,False,False,False,False,0,False,False
58fa8486,False,False,False,False,False,False,False,False,False,False,0,False,False
591cc951,False,False,False,False,False,False,False,True,False,False,1,False,False
593876b6,False,False,False,False,False,False,False,False,False,False,0,False,False
59f8b2e8,False,False,False,False,False,False,False,False,False,False,0,False,False
5a1a8fd8,False,False,False,False,False,False,False,False,False,False,0,False,False
5a5269a9,False,False,False,False,False,False,False,False,False,False,0,False,False
5a5d1982,False,False,False,False,False,False,False,True,False,False,1,False,False
5a63b5d1,False,False,False,False,False,False,False,False,False,False,0,False,False
5aa03df7,False,False,False,False,False,False,False,False,False,False,0,False,False
5aa403d0,False,False,False,False,False,False,False,False,False,False,0,False,False
5aef5c6c,False,False,False,False,False,False,True,False,False,True,2,False,False
5b7b6324,False,False,False,False,False,False,False,False,False,False,0,False,False
5bd25f59,False,False,False,False,False,False,False,False,False,False,0,False,False
5beded95,False,False,False,False,False,False,False,False,False,False,0,False,False
5cb483ac,False,False,False,False,False,False,False,False,False,False,0,False,False
5cdd8dbc,False,False,False,False,False,False,False,False,False,False,0,False,False
5d11dfb5,False,False,False,False,False,False,False,False,False,False,0,False,False
5d7198fd,False,False,False,False,False,False,False,False,False,False,0,False,False
5def1ce5,False,False,False,False,False,False,False,False,False,False,0,False,False
5eae34a8,False,False,False,False,False,False,False,False,False,True,1,False,False
5f4d2a52,False,False,False,False,False,True,True,False,False,False,2,False,False
5f6756c5,False,False,False,False,False,False,False,False,False,False,0,False,False
5f75f796,False,False,False,False,False,False,False,False,False,False,0,False,False
5fb1c15f,False,False,False,False,False,False,False,False,False,False,0,False,False
5fffa282,False,False,False,False,False,False,False,False,False,False,0,False,False
60e37807,False,False,True,False,False,False,False,False,False,False,1,False,False
61f27424,False,False,False,False,False,False,False,True,False,True,2,False,False
62569ae3,False,False,False,False,False,False,False,False,False,False,0,False,False
62a6f539,False,False,False,False,False,False,False,False,False,False,0,False,False
633774dc,False,False,False,False,False,False,False,False,False,False,0,False,False
63559d57,False,False,False,False,False,False,False,False,False,False,0,False,False
647f2a41,False,False,False,False,False,False,False,False,False,False,0,False,False
65156b96,False,False,False,False,False,False,False,False,False,False,0,False,False
653612bc,False,False,False,False,False,False,False,False,False,False,0,False,False
656a067b,False,False,False,False,False,False,False,False,False,False,0,False,False
65a5466a,False,False,False,False,False,False,False,False,False,False,0,False,False
660d9546,False,False,False,False,False,False,False,False,False,False,0,False,False
6767c111,False,False,False,False,False,False,False,False,False,True,1,False,False
67847288,False,False,False,False,False,False,False,True,False,False,1,False,False
67a8da4a,False,False,False,False,False,False,False,False,False,False,0,False,False
684a6fc1,True,True,False,False,False,False,False,False,False,False,2,False,False
698930d1,False,False,False,False,False,False,False,False,False,False,0,False,False
699ea575,False,False,False,False,False,False,False,False,False,False,0,False,False
69c1bdad,False,False,True,False,False,False,False,False,False,False,1,False,False
69e41fa6,False,False,False,False,False,False,False,False,False,False,0,False,False
6a0ff78e,False,False,False,False,False,False,False,False,False,False,0,False,False
6a8fa194,False,False,False,False,False,False,False,False,False,False,0,False,False
6ae68655,False,False,False,False,False,False,False,False,False,False,0,False,False
6d1d74e1,False,False,False,False,False,False,False,False,False,False,0,False,False
6d590e26,False,False,False,False,False,False,False,False,False,False,0,False,False
6d6d93af,False,False,False,False,False,False,False,False,False,False,0,False,False
6dbe4b60,False,False,False,False,False,False,False,False,False,False,0,False,False
6e6d122c,False,False,False,False,False,False,False,False,False,False,0,False,False
6e9ccd38,False,True,False,False,False,False,False,False,False,False,1,False,False
6ea22614,False,False,False,False,False,False,False,False,False,False,0,False,False
6ede926a,False,False,False,False,False,False,False,True,False,False,1,False,False
708caea9,False,False,False,False,False,True,False,False,False,False,1,False,False
70925e23,False,False,False,False,False,False,False,False,False,False,0,False,False
70e1788b,True,True,False,False,False,False,False,False,False,False,2,False,False
71642c7d,False,False,False,False,False,False,False,False,False,False,0,False,False
71ccf778,False,False,True,False,False,False,False,False,False,False,1,False,False
7224331b,False,False,False,False,False,False,False,False,False,False,0,False,False
722cf0d8,False,False,False,False,False,False,False,False,False,False,0,False,False
7256229b,False,False,False,False,False,False,False,False,False,False,0,False,False
726f3dc2,False,False,False,False,False,False,False,False,False,False,0,False,False
7271dd80,False,False,False,False,False,False,False,False,False,False,0,False,False
727a3a10,False,False,False,False,False,False,False,False,False,True,1,False,False
729665c0,False,False,False,False,False,False,False,True,False,False,1,False,False
729e9750,False,False,False,False,False,False,False,False,False,False,0,False,False
729f4217,False,False,False,False,False,False,False,False,False,False,0,False,False
72dd8501,False,False,False,False,False,False,False,False,False,False,0,False,False
73348914,False,False,False,False,False,False,False,False,False,False,0,False,False
739a914f,False,False,False,False,False,False,False,True,False,False,1,False,False
73b1447d,False,False,False,False,False,False,False,False,False,False,0,False,False
74b6186b,False,False,False,False,False,False,False,False,False,False,0,False,False
75c20ec7,False,False,False,False,False,False,False,False,False,False,0,False,False
75cd5f11,False,False,False,False,False,False,False,False,False,False,0,False,False
75d20a82,False,False,False,False,False,False,False,False,False,False,0,False,False
76201745,False,False,False,False,False,False,False,False,False,True,1,False,False
764072a5,False,False,False,False,False,False,False,False,False,False,0,False,False
77b0d905,False,False,False,False,False,False,False,False,False,False,0,False,False
77e4821c,False,False,False,False,False,False,False,False,False,False,0,False,False
7850c72e,False,False,False,False,False,False,False,False,False,False,0,False,False
78a4a386,False,False,False,False,True,False,False,False,True,False,2,False,False
79507629,False,False,False,False,False,False,False,False,False,False,0,False,False
796dbd4c,False,False,False,False,False,False,False,False,False,False,0,False,False
7987f2f2,False,False,False,False,False,False,False,False,False,False,0,False,False
7993a768,False,False,False,False,False,False,False,False,False,False,0,False,False
7a5660b0,False,False,False,False,False,False,False,False,False,False,0,False,False
7acda2df,False,False,False,False,False,False,False,False,False,False,0,False,False
7b2c7b3c,False,False,False,False,False,False,False,False,False,False,0,False,False
7b38844c,False,False,False,False,False,False,False,False,False,False,0,False,False
7bb17b96,False,False,False,False,False,False,False,False,False,False,0,False,False
7c607683,False,False,False,False,False,False,False,True,False,False,1,False,False
7cbbd047,False,False,False,False,False,False,False,False,False,False,0,False,False
7cd4bb31,False,False,False,False,False,False,False,False,False,False,0,False,False
7d50373e,False,False,False,False,False,False,False,False,False,False,0,False,False
7d57c75d,False,False,False,False,False,False,False,True,False,True,2,False,False
7e208414,False,False,False,False,False,False,False,False,False,False,0,False,False
7e721392,False,False,False,False,False,True,False,False,False,False,1,False,False
7ff89f8f,False,False,False,False,False,False,False,False,False,False,0,False,False
8050c789,False,False,False,False,False,False,False,True,False,False,1,False,False
807f0298,False,False,False,False,False,False,False,False,False,False,0,False,False
811f52b3,False,False,False,False,False,False,False,False,False,False,0,False,False
81bf5923,False,False,False,False,False,False,True,True,False,False,2,False,False
81fc01c6,False,False,False,False,False,False,False,False,False,False,0,False,False
8255c867,False,False,False,False,False,True,True,False,False,False,2,False,False
82aab6d2,False,False,False,False,False,False,False,False,False,True,1,False,False
82fcf37c,False,False,False,False,False,False,False,False,False,False,0,False,False
833af382,False,False,False,False,False,False,False,True,False,False,1,False,False
8382f4b6,False,False,False,False,False,True,True,False,False,False,2,False,False
84633df4,False,False,False,False,False,False,False,False,False,False,0,False,False
8478df29,False,False,False,False,False,False,False,False,False,False,0,False,False
84815d5a,False,False,False,False,False,False,False,False,False,False,0,False,False
84c3b497,False,False,False,False,False,False,False,False,False,False,0,False,False
85380836,False,False,False,False,False,False,False,True,False,False,1,False,False
8612b37f,False,False,False,False,False,False,False,False,False,False,0,False,False
861e71df,False,False,False,False,False,False,False,False,False,False,0,False,False
86454a6f,False,False,False,False,False,True,True,False,True,False,3,False,False
8648abae,False,False,False,False,False,False,False,False,False,False,0,False,False
865033f8,False,False,False,False,False,False,False,False,False,False,0,False,False
87695469,False,False,False,False,False,False,False,False,False,False,0,False,False
877ed19c,False,False,False,False,False,False,False,False,False,False,0,False,False
87aa3730,False,False,False,False,False,False,False,False,False,False,0,False,False
884ecb5f,False,False,False,False,False,False,False,False,False,False,0,False,False
8902c3f6,False,False,False,False,False,False,False,False,False,False,0,False,False
896d15b9,False,False,False,False,False,False,False,False,False,False,0,False,False
8995c945,False,False,False,False,False,False,False,False,False,False,0,False,False
89969c7a,False,False,False,False,False,False,False,False,False,False,0,False,False
89f1085d,False,False,False,False,False,False,False,False,False,False,0,False,False
89f36adf,False,False,False,False,False,False,False,True,False,False,1,False,False
89fdb2f2,False,False,True,False,False,False,False,False,False,False,1,False,False
8a3da6d1,False,False,False,False,False,False,False,False,False,False,0,False,False
8a89da23,False,False,False,False,False,False,False,False,False,False,0,False,False
8a9c8932,False,False,False,False,False,False,False,False,False,False,0,False,False
8ac2f237,False,False,False,False,False,True,False,False,False,False,1,False,False
8b12bab6,False,False,False,False,False,False,False,False,False,False,0,False,False
8b5be31b,False,False,False,False,False,False,False,False,False,False,0,False,False
8b95d6d1,True,False,False,False,False,False,False,False,False,False,1,False,False
8b9d8326,False,False,False,False,False,False,False,True,False,False,1,False,False
8bb9c1e6,False,False,False,False,False,False,False,False,False,False,0,False,False
8bda1a11,False,False,False,False,False,False,False,False,False,False,0,False,False
8bfa881d,False,False,False,False,False,True,True,False,False,False,2,False,False
8c167025,False,False,False,False,False,False,False,True,False,False,1,False,False
8c8348e8,False,False,False,False,False,False,False,False,False,False,0,False,False
8cc21f01,False,False,False,False,False,False,False,False,False,False,0,False,False
8cc800b3,False,False,False,False,False,False,False,False,False,False,0,False,False
8d5d46d7,False,False,False,False,False,False,False,False,False,False,0,False,False
8d92cb49,False,False,False,False,False,False,False,False,False,False,0,False,False
8f201368,False,False,False,False,False,False,False,True,False,False,1,False,False
90386ee4,False,False,False,False,False,False,False,False,False,False,0,False,False
91abc4c7,False,False,False,False,False,False,False,False,False,False,0,False,False
91b301ce,False,False,False,False,False,True,True,False,False,False,2,False,False
91db7070,False,False,False,False,False,True,True,False,False,False,2,False,False
925a7cd1,False,False,False,False,False,False,False,False,False,True,1,False,False
9283ae69,False,False,False,False,False,False,False,False,False,False,0,False,False
9298ad5b,False,False,False,False,False,False,False,True,False,False,1,False,False
9314ff13,False,False,False,False,False,False,False,False,False,False,0,False,False
93209a3d,False,False,False,False,False,False,False,False,False,False,0,False,False
939d9c34,False,False,False,False,False,False,False,False,False,False,0,False,False
93f5d2e6,False,False,False,False,False,True,True,False,False,False,2,False,False
940a48d9,False,False,False,False,False,False,False,False,False,False,0,False,False
940e709a,False,False,False,False,False,False,False,False,False,False,0,False,False
9426ec1e,False,False,False,False,False,False,False,False,False,False,0,False,False
94467f50,False,False,False,False,False,False,True,False,False,False,1,False,False
944f36b9,False,False,False,False,False,False,False,False,False,False,0,False,False
94d813a4,False,False,False,False,False,True,True,False,False,False,2,False,False
95b559e7,False,False,False,False,False,False,False,False,False,False,0,False,False
95c8427f,False,False,False,False,False,False,False,False,False,False,0,False,False
96936c22,False,False,False,False,False,False,False,False,False,True,1,False,False
96ae5806,True,True,False,False,False,False,False,True,False,False,3,False,False
96b7eea1,False,False,False,False,False,False,False,False,False,False,0,False,False
9719aa04,False,False,False,False,False,False,False,False,False,False,0,False,False
974802e7,False,False,False,False,False,False,False,False,False,False,0,False,False
97cd5bf9,False,False,False,False,False,False,False,False,False,False,0,False,False
98177ced,False,False,False,False,False,False,False,False,False,True,1,False,False
9896fc0b,False,False,False,False,False,True,True,False,False,False,2,False,False
98bc6f66,False,False,False,False,False,False,False,False,False,False,0,False,False
992c99e8,False,False,False,False,False,False,False,False,False,False,0,False,False
992ce078,False,False,False,False,False,False,False,False,False,False,0,False,False
99529c45,False,False,False,False,False,False,False,False,False,True,1,False,False
995ff498,False,False,False,False,False,False,False,False,False,False,0,False,False
999daf80,False,False,False,False,False,False,False,False,False,False,0,False,False
9a6b0392,False,False,False,False,False,False,False,False,False,True,1,False,False
9a8ae0d6,False,False,False,False,False,False,False,False,False,False,0,False,False
9a95e33f,False,False,False,False,False,False,False,True,False,False,1,False,False
9ab94eeb,False,False,False,False,False,False,False,False,False,False,0,False,False
9ad5410a,False,False,False,False,False,False,False,False,False,False,0,False,False
9ae248be,False,False,False,False,False,False,False,False,False,False,0,False,False
9af1ffd0,False,False,False,False,False,False,True,False,False,False,1,False,False
9b5b61c1,False,False,False,False,False,False,False,False,False,False,0,False,False
9b9e3b49,False,False,False,False,False,False,False,False,False,False,0,False,False
9bd2bba3,False,False,False,False,False,False,False,False,False,False,0,False,False
9c211c53,False,False,False,False,False,False,False,False,False,False,0,False,False
9c350a6a,False,False,False,False,False,False,False,True,False,False,1,False,False
9c8375f7,False,False,False,False,False,False,False,False,False,False,0,False,False
9d072e4c,False,False,False,False,False,False,False,False,False,False,0,False,False
9d3ec64c,False,False,False,False,False,False,False,False,False,False,0,False,False
9d4272e3,False,False,False,False,False,False,False,False,False,False,0,False,False
9d5e14d4,False,False,False,False,False,False,False,False,False,False,0,False,False
9da441ba,False,False,False,False,False,False,False,False,False,False,0,False,False
9dede370,False,False,False,False,False,False,False,False,False,False,0,False,False
9def2eb2,False,False,False,False,False,False,False,False,False,False,0,False,False
9df1b1f9,False,False,False,False,False,False,False,False,False,False,0,False,False
9dfff011,False,False,False,False,False,False,False,False,False,False,0,False,False
9e3e364d,False,False,False,False,False,False,False,False,False,False,0,False,False
9efc812e,False,False,False,False,False,False,False,False,False,False,0,False,False
9f0c7bae,False,False,False,False,False,False,False,False,False,False,0,False,False
9ffce529,False,False,False,False,False,False,False,False,False,False,0,False,False
a0383629,False,False,False,False,False,False,False,False,False,False,0,False,False
a056d01e,False,False,False,False,False,False,False,False,False,False,0,False,False
a08d9e63,False,False,False,False,False,False,False,False,False,False,0,False,False
a0b83014,False,False,False,False,False,False,False,False,False,False,0,False,False
a0e92ed6,False,False,False,False,False,False,False,False,False,False,0,False,False
a15bc102,False,False,False,False,False,False,False,False,False,False,0,False,False
a247e7cf,False,False,False,False,False,False,False,False,False,False,0,False,False
a2e8e7f6,False,False,False,False,False,False,False,False,False,False,0,False,False
a3518960,False,False,False,False,False,False,False,False,False,False,0,False,False
a3f71395,False,False,False,False,False,False,False,False,False,False,0,False,False
a4719920,False,False,False,False,False,False,False,False,False,False,0,False,False
a48640d9,False,False,False,False,False,False,False,False,False,False,0,False,False
a4cdbb0f,False,False,False,False,False,False,False,False,False,False,0,False,False
a4f989c2,False,False,False,False,False,False,False,False,False,False,0,False,False
a5aa7973,False,False,False,False,False,False,False,False,False,False,0,False,False
a5e6f7dc,False,False,False,False,False,False,False,False,False,False,0,False,False
a612d5a0,False,False,False,False,False,False,False,False,False,False,0,False,False
a622ce4d,False,False,False,False,False,False,False,False,False,False,0,False,False
a645da9a,False,False,False,False,False,False,False,False,False,False,0,False,False
a692b17e,False,False,False,False,False,False,False,False,False,False,0,False,False
a6b8ac67,False,False,False,False,False,False,False,False,False,False,0,False,False
a6ed2eff,False,False,False,False,False,False,False,False,False,False,0,False,False
a6f967fb,False,False,False,False,False,False,False,False,False,False,0,False,False
a76db406,False,False,False,False,False,False,False,False,False,False,0,False,False
a7744f5b,False,False,False,False,False,False,False,False,False,False,0,False,False
a783cc24,False,False,True,False,False,True,True,False,False,False,3,False,False
a79fd2e7,False,False,False,False,False,False,False,False,False,False,0,False,False
a7fc3e6b,False,False,False,False,False,False,False,False,False,False,0,False,False
a85bb86f,False,False,False,False,False,False,False,False,False,False,0,False,False
a85e4bc3,False,False,False,False,False,False,False,False,False,False,0,False,False
a87433c9,False,False,False,False,False,False,False,False,False,True,1,False,False
a8ed028a,False,False,False,False,False,False,False,False,False,False,0,False,False
a959858c,False,False,False,False,False,True,True,False,False,False,2,False,False
a9c9b150,False,False,False,False,False,False,False,False,False,False,0,False,False
aa95015b,False,False,False,False,False,False,False,False,False,False,0,False,False
aaaf3c03,False,False,False,False,False,False,False,False,False,False,0,False,False
aaeffccb,False,False,False,False,False,False,False,True,False,False,1,False,False
ab112491,False,False,False,False,False,False,False,False,False,False,0,False,False
ab18d3fc,False,False,False,False,False,False,False,False,False,False,0,False,False
ab3ced07,False,False,False,False,False,False,False,False,False,False,0,False,False
ab6fe95d,False,False,False,False,False,False,False,True,False,False,1,False,False
ab94878e,False,False,False,False,False,False,False,False,False,False,0,False,False
abf460d2,False,False,False,False,False,False,False,False,False,True,1,False,False
ac6f01d5,False,False,False,False,False,False,False,False,False,False,0,False,False
ad2133a8,False,False,False,False,False,False,False,False,False,False,0,False,False
add9c322,False,False,False,False,False,False,False,False,False,False,0,False,False
ae069086,False,False,False,False,False,False,False,False,False,False,0,False,False
ae0784a8,False,False,False,False,False,False,False,True,False,False,1,False,False
ae35f33a,False,False,False,False,False,False,False,False,False,True,1,False,False
ae8959c3,False,False,False,False,False,False,False,False,False,False,0,False,False
aed44918,False,False,False,False,False,False,False,False,False,False,0,False,False
aee6393a,False,False,False,False,False,False,False,False,False,False,0,False,False
af7a59ce,False,False,False,False,False,False,False,False,False,False,0,False,False
aff4e561,False,False,False,False,False,False,False,False,False,False,0,False,False
b04b58a3,False,False,False,False,False,False,False,False,False,False,0,False,False
b0d42b0d,False,False,False,False,False,False,False,False,False,False,0,False,False
b0f53bf4,False,False,False,False,False,False,False,True,False,False,1,False,False
b19b0395,False,False,False,False,False,False,False,False,False,False,0,False,False
b1efb8a4,False,False,False,False,False,False,False,False,False,False,0,False,False
b32902c0,False,False,False,False,False,False,False,False,False,False,0,False,False
b32e4903,False,False,False,False,False,False,False,True,False,False,1,False,False
b3388334,False,False,False,False,False,False,False,False,False,False,0,False,False
b37fd114,False,False,False,False,False,False,False,False,False,False,0,False,False
b38e3116,False,False,False,False,False,False,False,False,False,False,0,False,False
b4d8dd4f,False,False,False,False,False,False,False,False,False,False,0,False,False
b4f37e6e,False,False,False,False,False,False,True,False,False,False,1,False,False
b56bc0aa,False,False,False,False,False,False,False,False,False,False,0,False,False
b585b4fa,False,False,False,False,False,False,False,False,False,False,0,False,False
b5aa9634,False,False,False,False,False,False,False,False,False,False,0,False,False
b7974e66,False,False,False,False,False,False,False,False,False,False,0,False,False
b7cdcecb,False,False,False,False,False,False,False,False,False,False,0,False,False
b7fea9ef,False,False,False,False,False,False,False,True,False,False,1,False,False
b85f7b06,False,False,False,False,False,False,False,False,False,False,0,False,False
b881d27e,False,False,False,False,False,False,False,False,False,False,0,False,False
b8c49c1a,False,False,False,False,False,False,False,False,False,False,0,False,False
b95e7121,False,False,False,False,False,False,False,False,False,False,0,False,False
b977be4a,False,False,False,False,False,False,False,False,False,False,0,False,False
ba48188d,False,False,False,False,False,True,True,False,False,False,2,False,False
bb2cdd83,False,False,False,False,False,False,False,False,False,False,0,False,False
bb337fa0,False,False,False,False,False,False,False,False,False,False,0,False,False
bb682ebd,False,False,False,False,False,False,False,False,False,False,0,False,False
bc4381e2,False,False,False,False,False,False,False,False,False,False,0,False,False
bcebcc5f,False,False,False,False,False,False,False,False,False,False,0,False,False
bd2c2f34,True,True,False,False,False,False,False,False,False,False,2,False,False
bd4ae5da,False,False,False,False,False,False,False,True,False,False,1,False,False
bd6f0e19,False,False,False,False,False,False,False,False,False,False,0,False,False
bd8f847e,False,False,False,False,False,False,False,False,False,False,0,False,False
be063506,False,False,False,False,False,False,False,True,False,False,1,False,False
be35c8f2,False,False,False,False,False,False,False,False,False,False,0,False,False
be83e781,False,False,False,False,False,False,False,False,False,False,0,False,False
beda8696,False,False,False,False,False,False,False,False,False,False,0,False,False
bf39bc20,False,False,False,False,False,False,False,False,False,False,0,False,False
bf70b410,False,False,False,False,False,True,False,False,False,False,1,False,False
bffe3082,False,False,False,False,False,False,False,False,False,False,0,False,False
c03b9305,False,False,False,False,False,False,False,False,False,False,0,False,False
c03d4aed,False,False,False,False,False,False,False,False,False,False,0,False,False
c03fba65,False,False,False,False,False,False,True,False,False,False,1,False,False
c07fd0cd,False,False,False,False,False,False,False,False,False,True,1,False,False
c1708b88,False,False,False,False,False,False,False,False,False,False,0,False,False
c1d046f4,False,False,False,False,False,False,False,False,False,False,0,False,False
c2717d4f,False,False,False,False,False,False,False,True,False,False,1,False,False
c2c4db09,False,False,False,False,False,False,False,False,False,False,0,False,False
c2c6fc71,False,False,False,False,False,False,False,True,False,True,2,False,False
c36625df,False,False,False,False,False,False,False,False,False,False,0,False,False
c3957531,False,False,False,False,False,False,False,False,False,False,0,False,False
c42fe306,False,False,False,False,False,False,False,False,False,False,0,False,False
c43812e2,False,False,False,False,False,False,False,False,False,False,0,False,False
c472c0b5,False,False,False,False,False,False,False,True,False,False,1,False,False
c47e0767,False,False,False,False,False,False,False,False,False,False,0,False,False
c50b42f6,False,False,False,False,False,False,False,False,False,False,0,False,False
c593337f,False,False,False,False,False,False,False,False,False,False,0,False,False
c59b6c4a,False,False,False,False,False,True,False,False,False,False,1,False,False
c66be2b8,False,False,False,False,False,False,False,False,False,False,0,False,False
c6797dd7,False,False,False,False,False,False,False,True,False,False,1,False,False
c6b782a4,False,False,False,False,False,False,False,True,False,False,1,False,False
c6c96179,False,False,False,False,False,False,False,False,False,False,0,False,False
c70c0e01,False,False,False,False,False,False,False,False,False,False,0,False,False
c84c65be,True,True,False,False,False,False,False,False,False,False,2,False,False
c8d9680c,False,False,False,False,False,False,False,False,False,False,0,False,False
c908edd0,False,False,False,False,False,False,False,False,False,False,0,False,False
c9578d27,False,False,False,False,False,False,False,False,False,False,0,False,False
c96c018a,False,False,False,False,False,False,False,False,False,False,0,False,False
c99f9fae,False,False,False,False,False,False,False,False,False,False,0,False,False
c9e6734f,False,False,False,False,False,False,False,False,False,False,0,False,False
c9e980e8,False,False,False,False,False,False,False,False,False,False,0,False,False
c9fedcf3,False,False,False,False,False,False,False,False,False,False,0,False,False
cad13e8f,False,False,False,False,False,False,False,False,False,False,0,False,False
cb34231f,False,False,False,False,False,False,False,False,False,False,0,False,False
cb879f40,False,False,False,False,False,False,False,False,False,False,0,False,False
cbb406b5,False,False,False,False,False,False,False,False,False,False,0,False,False
cbe51de1,False,False,False,False,False,False,False,False,False,False,0,False,False
cbe62450,False,False,False,False,False,False,False,False,False,False,0,False,False
cc08aa63,False,False,False,False,False,False,False,False,False,False,0,False,False
cc8a1d57,False,False,False,False,False,False,False,False,False,False,0,False,False
ccedb12b,False,False,False,False,False,False,False,False,False,False,0,False,False
cd7f1687,False,False,False,False,False,False,False,False,False,False,0,False,False
cda7eb37,False,False,False,False,False,False,False,False,False,False,0,False,False
cdc31d65,False,False,False,False,False,False,False,True,False,True,2,False,False
cdc60a53,False,False,False,False,False,False,False,True,False,False,1,False,False
ce55ba43,False,False,False,False,False,False,False,False,False,False,0,False,False
ce8399b7,False,False,True,False,False,False,False,False,False,False,1,False,False
cf50c9d1,False,False,False,False,False,True,True,True,False,False,3,False,False
d00e7eb9,False,False,False,False,False,False,False,False,False,True,1,False,False
d011f41b,False,False,True,False,False,False,False,False,False,False,1,False,False
d07aed8f,False,False,False,False,False,False,False,True,False,True,2,False,False
d085e611,False,False,False,False,False,False,False,False,False,False,0,False,False
d0a0e7b5,False,False,False,False,False,False,False,False,False,False,0,False,False
d0a43760,False,False,False,False,False,False,False,False,False,False,0,False,False
d0cb63ae,False,False,False,False,False,False,False,False,False,False,0,False,False
d114d9c2,False,False,False,False,False,False,False,False,False,False,0,False,False
d1457cc5,False,False,False,False,False,False,False,False,False,False,0,False,False
d1ecf309,False,False,False,False,False,False,False,False,False,False,0,False,False
d1ee630d,False,False,False,False,False,False,False,False,False,False,0,False,False
d217e0c5,False,False,False,False,False,False,False,False,False,False,0,False,False
d24ff243,False,False,False,False,False,False,False,False,False,False,0,False,False
d273674e,False,False,False,False,False,False,False,False,False,False,0,False,False
d2f3b1ab,False,False,False,False,False,False,False,False,False,False,0,False,False
d3df146b,False,False,False,False,False,False,False,False,False,False,0,False,False
d40f61d5,False,False,False,False,False,False,False,False,False,False,0,False,False
d41beaf2,False,False,False,False,False,False,False,True,False,False,1,False,False
d463e527,False,False,False,False,False,False,False,False,False,False,0,False,False
d4f60a28,False,False,False,False,False,False,False,True,False,True,2,False,False
d50c649a,False,False,False,False,False,False,False,False,False,False,0,False,False
d543916f,False,False,False,False,False,False,False,False,False,False,0,False,False
d5df0ff5,False,False,False,False,False,False,False,False,False,False,0,False,False
d60430e6,False,False,False,False,False,False,False,False,False,True,1,False,False
d63196fe,False,False,False,False,False,False,False,False,False,False,0,False,False
d6c320d9,False,False,False,False,False,False,False,False,False,False,0,False,False
d6dd7330,False,False,False,False,False,False,False,False,False,False,0,False,False
d7ba4f9d,False,False,False,False,False,False,False,True,False,False,1,False,False
d7eb0be8,False,False,False,False,False,False,False,False,False,False,0,False,False
d84b621b,False,False,False,False,False,False,False,False,False,False,0,False,False
d90aa14c,True,True,False,False,False,False,False,False,False,True,3,False,False
d924e971,False,False,False,False,False,True,True,True,False,False,3,False,False
d9ae59b2,False,False,False,False,False,False,False,False,False,False,0,False,False
d9d6d94d,False,False,False,False,False,False,False,False,False,False,0,False,False
d9eca87b,False,False,False,False,False,True,True,False,False,False,2,False,False
da2d4d7c,False,False,False,False,False,False,False,False,False,False,0,False,False
da3bfe4e,False,False,False,False,False,False,False,False,False,False,0,False,False
da3cf798,False,False,False,False,False,False,False,False,False,False,0,False,False
da940160,False,False,False,False,False,False,False,False,False,False,0,False,False
dafc88c3,False,False,False,False,False,False,False,False,False,False,0,False,False
dbee6c86,False,False,False,False,False,False,False,False,False,False,0,False,False
dc5fbe29,False,False,False,False,False,False,False,False,False,False,0,False,False
dc7da28f,False,False,False,False,False,False,False,False,False,False,0,False,False
dc7f9757,False,False,False,False,False,False,False,False,False,False,0,False,False
dd168de0,False,False,False,False,False,False,False,True,False,False,1,False,False
dd64382d,False,False,False,False,False,False,False,False,False,False,0,False,False
dd6bc5b2,False,False,False,False,False,False,False,False,False,False,0,False,False
dd7d638e,False,False,False,False,False,False,False,False,False,False,0,False,False
ddc790ff,False,False,False,False,False,False,False,False,False,False,0,False,False
df71d1ff,False,False,False,False,False,False,False,False,False,False,0,False,False
df73b8f3,False,False,False,False,False,False,False,False,False,False,0,False,False
df8290be,False,False,False,False,False,False,False,False,False,False,0,False,False
e0079ed1,False,False,False,False,False,False,False,False,False,False,0,False,False
e03b45fd,False,False,False,False,False,True,False,True,False,False,2,False,False
e0f36d98,False,False,False,False,False,False,False,False,False,False,0,False,False
e149204f,False,False,False,False,False,False,False,True,False,False,1,False,False
e14d641e,False,False,False,False,False,False,False,False,False,False,0,False,False
e161bd0c,False,False,False,False,False,False,False,True,False,False,1,False,False
e201fd6d,False,False,False,False,False,False,False,False,False,False,0,False,False
e25f1537,False,False,False,False,False,False,False,False,False,False,0,False,False
e2fc7745,False,False,False,False,False,False,False,False,False,False,0,False,False
e32da4ec,False,False,False,False,False,False,False,False,False,False,0,False,False
e3b34f5b,False,False,False,False,False,False,False,False,False,False,0,False,False
e45a2a62,False,False,False,False,False,False,False,False,False,False,0,False,False
e46f4ef4,False,False,False,False,False,False,False,False,False,False,0,False,False
e4726608,False,False,False,False,False,False,False,False,False,False,0,False,False
e5864244,False,False,False,False,False,True,True,True,False,False,3,False,False
e5c92e59,False,False,False,False,False,False,False,False,False,False,0,False,False
e5ff9fd2,False,False,True,False,False,False,False,False,False,False,1,False,False
e6c55748,False,False,False,False,False,False,False,False,False,False,0,False,False
e730c32b,False,False,False,False,False,False,False,False,False,False,0,False,False
e737965a,False,False,False,False,False,False,False,False,False,False,0,False,False
e748dd88,False,False,False,False,False,False,False,False,False,False,0,False,False
e7818f7a,False,False,False,False,False,False,False,False,False,False,0,False,False
e7c36e81,False,False,False,False,False,False,False,False,False,False,0,False,False
e7d0c1de,False,False,False,False,False,False,False,False,False,False,0,False,False
e85074c5,False,False,False,False,False,False,False,False,False,False,0,False,False
e97032ad,False,False,False,False,False,False,False,False,False,False,0,False,False
e9949a23,False,False,False,False,False,False,False,False,False,False,0,False,False
ea0b99b7,True,True,False,False,False,False,False,False,False,False,2,False,False
ea3a0e38,True,True,False,False,False,False,False,False,False,False,2,False,False
ea41324e,False,False,False,False,False,False,False,False,False,False,0,False,False
eabc711b,False,False,False,False,False,False,False,False,False,False,0,False,False
eac10e86,False,False,False,False,False,False,False,False,False,False,0,False,False
eafb863e,False,False,False,False,False,False,True,True,False,False,2,False,False
eb06a4e7,False,False,False,False,False,False,False,False,False,False,0,False,False
eb640a35,False,False,False,False,False,False,False,False,False,False,0,False,False
eb934281,False,False,False,False,False,False,False,False,False,True,1,False,False
eba6605e,False,False,False,False,False,False,False,False,False,False,0,False,False
ebe69318,False,False,False,False,False,False,False,False,False,False,0,False,False
ec0d597b,False,False,False,False,False,False,False,False,False,False,0,False,False
ec13af42,False,False,False,False,False,False,False,True,False,False,1,False,False
ecdab904,False,False,False,False,False,False,False,False,False,False,0,False,False
ecdaf714,False,False,False,False,False,False,False,False,False,False,0,False,False
ed6436d6,False,False,True,False,False,False,False,False,False,False,1,False,False
ed6e6e54,False,False,False,False,False,False,False,False,False,False,0,False,False
edf885a3,False,False,False,False,False,False,False,True,False,False,1,False,False
ee0300f7,False,False,False,False,False,False,False,False,False,False,0,False,False
ee288beb,False,False,False,False,False,True,True,False,False,False,2,False,False
ee4aecac,False,False,False,False,False,False,False,False,False,False,0,False,False
eeda36f5,False,False,False,False,False,False,False,False,False,False,0,False,False
eeed308d,False,False,False,False,False,False,False,True,False,False,1,False,False
ef04658e,False,False,False,False,False,False,False,False,False,False,0,False,False
ef8e3ed0,False,False,False,False,False,False,False,False,False,False,0,False,False
efde6ac3,False,False,False,False,False,False,False,False,False,False,0,False,False
efe96181,False,False,False,False,False,False,False,False,False,False,0,False,False
f0188a48,False,False,False,False,False,False,False,True,False,False,1,False,False
f021b650,False,False,False,False,False,False,False,False,False,False,0,False,False
f03f10fe,False,False,False,False,False,False,False,False,False,False,0,False,False
f053a1b9,False,False,False,False,False,False,False,False,False,False,0,False,False
f074d277,False,False,False,False,False,False,False,False,False,False,0,False,False
f07d7037,False,False,False,False,False,False,False,False,False,False,0,False,False
f08774c3,False,False,False,False,False,False,False,False,False,False,0,False,False
f140c2fa,False,False,False,False,False,False,False,False,False,False,0,False,False
f16e25e3,False,False,False,False,False,False,False,False,False,False,0,False,False
f2d4c8c9,False,False,False,False,False,False,False,False,False,False,0,False,False
f321a31c,False,False,False,False,False,False,False,False,False,False,0,False,False
f40cd091,False,False,False,False,False,False,False,False,False,False,0,False,False
f439a621,False,False,False,False,False,False,False,False,False,False,0,False,False
f49fdea3,False,False,False,False,False,False,False,False,False,False,0,False,False
f4d12d23,False,False,False,False,False,False,False,False,False,False,0,False,False
f56d3ace,False,False,False,False,False,False,False,False,False,False,0,False,False
f5859199,False,False,False,False,False,False,False,False,False,False,0,False,False
f5d8aab6,False,False,False,False,False,False,False,False,False,False,0,False,False
f631da6e,False,False,False,False,False,False,False,False,False,False,0,False,False
f6824bb0,False,False,False,False,False,False,False,False,False,False,0,False,False
f6bc699b,False,False,False,False,False,False,False,False,False,False,0,False,False
f6d009f4,False,False,False,False,False,True,True,False,False,True,3,False,False
f72b268f,False,False,False,False,False,False,False,True,False,False,1,False,False
f8662c22,False,False,False,False,False,False,False,False,False,False,0,False,False
f88ddb26,False,False,False,False,False,True,False,False,False,False,1,False,False
f8afa78a,False,False,False,False,False,False,False,False,False,False,0,False,False
f8f59188,False,False,False,False,False,False,False,False,False,False,0,False,False
f9fc81aa,False,False,False,False,False,False,False,False,False,False,0,False,False
fa16d114,False,False,False,False,False,False,False,False,False,False,0,False,False
fa31da94,False,False,False,False,False,False,False,False,False,False,0,False,False
fa667be2,False,False,False,False,False,False,False,False,False,False,0,False,False
fae0c593,False,False,False,False,False,False,False,False,False,False,0,False,False
fb03ae90,False,False,False,False,False,False,False,False,False,False,0,False,False
fb0904bd,False,False,False,False,False,False,False,False,False,False,0,False,False
fb3848a1,False,False,False,False,False,False,False,False,False,False,0,False,False
fb73b13a,False,False,False,False,False,False,False,False,False,True,1,False,False
fba7683c,True,True,True,False,False,False,True,False,False,False,4,False,False
fbd68d27,False,False,False,False,False,False,False,False,False,False,0,False,False
fc03f21f,False,False,False,False,False,False,False,False,False,False,0,False,False
fc0d20b2,False,False,False,False,False,False,False,False,False,False,0,False,False
fcfcc902,False,False,False,False,False,False,False,False,False,False,0,False,False
fd3b4faa,False,False,False,False,False,False,False,False,False,False,0,False,False
fd710aea,False,False,False,False,False,False,False,False,False,False,0,False,False
fd8f77fa,False,False,False,False,False,False,False,False,False,False,0,False,False
fde20ecf,False,False,False,False,False,False,False,False,False,False,0,False,False
fdfd57da,False,False,False,False,False,False,False,False,False,False,0,False,False
febb4411,False,False,False,False,False,False,False,False,False,True,1,False,False
fef8af96,False,False,False,False,False,True,True,False,False,False,2,False,False
ff0aea78,False,False,False,False,False,False,False,False,False,False,0,False,False
ff8bb73a,False,False,False,False,False,False,False,False,False,False,0,False,False
ffefef30,False,False,False,False,False,False,False,False,False,False,0,False,False
