Well_ID,Horizontal_Rows,Known_Rows,Prediction_Rows,Prediction_Percentage,Prediction_Start_MD,Last_Known_TVT,Prediction_Horizon_MD,Clean_Prediction_Boundary,Unexpected_Internal_Gaps,TVT_Input_Matches_TVT
000d7d20,5278,1442,3836,72.67904509283821,12909.0,11747.37,3835.0,True,False,True
00bbac68,7559,1545,6014,79.56078846408255,13123.0,12223.54,6013.0,True,False,True
00e12e8b,6384,2083,4301,67.37155388471177,12539.0,11604.820000000002,4300.0,True,False,True
015fe0d2,5950,1654,4296,72.2016806722689,13488.0,12233.78,4295.0,True,False,True
01869cd4,6850,1293,5557,81.12408759124088,12549.0,11745.94,5556.0,True,False,True
01982c1d,5587,1646,3941,70.538750671201,11667.0,10694.08,3940.0,True,False,True
028d7b28,7761,1527,6234,80.32470042520293,13424.0,12427.92,6233.0,True,False,True
02e7fe5a,6888,1780,5108,74.15795586527294,13255.0,12178.98,5107.0,True,False,True
0390d174,6101,1690,4411,72.29962301262088,12048.0,10620.96,4410.0,True,False,True
03a935ae,4430,1644,2786,62.88939051918736,13952.0,12792.17,2785.0,True,False,True
044af7d1,6067,1548,4519,74.48491841107632,12988.0,11850.28,4518.0,True,False,True
0498acab,6432,1634,4798,74.59577114427861,12544.0,11400.71,4797.0,True,False,True
052d64df,4590,2145,2445,53.26797385620915,12540.0,11440.240000000002,2444.0,True,False,True
05948241,5428,1549,3879,71.46278555637436,11771.0,10837.56,3878.0,True,False,True
059c8f24,7998,1740,6258,78.24456114028507,11571.0,10300.070000000002,6257.0,True,False,True
05a0ee4d,6098,1750,4348,71.30206625122992,12720.0,11927.5,4347.0,True,False,True
060ab2b8,7818,1560,6258,80.04604758250193,11948.0,10950.59,6257.0,True,False,True
06df5958,5039,1530,3509,69.63683270490176,12302.0,11338.8,3508.0,True,False,True
071d7b45,4720,1509,3211,68.02966101694915,11892.0,10530.11,3210.0,True,False,True
0849b4e2,7436,1899,5537,74.46207638515331,12981.0,11944.08,5536.0,True,False,True
084d66f9,5632,1747,3885,68.98082386363636,11972.0,11007.070000000002,3884.0,True,False,True
08fecf00,7405,1831,5574,75.27346387575962,12985.0,12148.1,5573.0,True,False,True
09053135,7715,1808,5907,76.5651328580687,12790.0,11461.63,5906.0,True,False,True
09441b8d,7395,1907,5488,74.21230561189994,12294.0,11212.2,5487.0,True,False,True
0955cd6c,7125,1930,5195,72.91228070175438,13374.0,12184.63,5194.0,True,False,True
09ec2ca9,7824,1939,5885,75.21728016359918,12409.0,11053.11,5884.0,True,False,True
0a57a29c,7194,1373,5821,80.91465109813734,12085.0,11195.4,5820.0,True,False,True
0bbf5e67,6031,1733,4298,71.26513016083568,11953.0,10947.13,4297.0,True,False,True
0be01c24,6385,1647,4738,74.2051683633516,12441.0,11306.28,4737.0,True,False,True
0c1b160c,6714,1660,5054,75.2755436401549,12102.0,11159.320000000002,5053.0,True,False,True
0d99f8e4,7522,1699,5823,77.41292209518745,12133.0,11199.34,5822.0,True,False,True
0dc5e64d,6191,1312,4879,78.80794701986756,12104.0,10861.64,4878.0,True,False,True
0dc835f3,5279,851,4428,83.87952263686304,11509.0,10687.83,4427.0,True,False,True
0dd99dc5,9182,1840,7342,79.96079285558702,13715.0,12581.48,7341.0,True,False,True
0e5e560d,4896,1643,3253,66.44199346405229,12208.0,11012.59,3252.0,True,False,True
109d9d70,5851,1636,4215,72.03896769782942,13642.0,12228.18,4214.0,True,False,True
10a1281a,7353,1744,5609,76.28178974568203,12341.0,11257.52,5608.0,True,False,True
10b89021,7166,1752,5414,75.55121406642479,13176.0,12141.92,5413.0,True,False,True
10be2420,5203,1932,3271,62.8675763982318,11918.0,10823.21,3270.0,True,False,True
113011eb,4561,1289,3272,71.73865380399035,13383.0,12534.83,3271.0,True,False,True
1131525f,5548,1389,4159,74.96395097332372,12105.0,11290.35,4158.0,True,False,True
11d0f5ac,6378,1495,4883,76.56005017246785,11932.0,10917.26,4882.0,True,False,True
12203f2a,4991,1730,3261,65.33760769384894,12854.0,12031.41,3260.0,True,False,True
122bd617,6408,1838,4570,71.31710362047441,11785.0,10813.01,4569.0,True,False,True
125be846,8033,1523,6510,81.04070708328146,12227.0,11459.09,6509.0,True,False,True
1285a37b,7403,1806,5597,75.60448466837768,13812.0,12755.8,5596.0,True,False,True
1295a25b,7037,1486,5551,78.88304675287765,12548.0,11752.77,5550.0,True,False,True
12f0cd90,7431,1484,5947,80.02960570582694,12294.0,11394.42,5946.0,True,False,True
137d1e44,6313,1759,4554,72.1368604466973,13650.0,12750.83,4553.0,True,False,True
13ce113d,4875,1909,2966,60.84102564102564,11905.0,11186.15,2965.0,True,False,True
13f598d9,8934,1628,7306,81.7774792925901,13621.0,12518.61,7305.0,True,False,True
14a53cb3,8780,1861,6919,78.80410022779043,12288.0,11180.84,6918.0,True,False,True
14ab73fb,5279,1630,3649,69.12293995074825,12310.0,11311.54,3648.0,True,False,True
14ad5efb,7352,1510,5842,79.4613710554951,12364.0,11404.28,5841.0,True,False,True
14fee784,6406,1496,4910,76.64689353730877,11813.0,10880.95,4909.0,True,False,True
153552f5,6498,1803,4695,72.25300092336103,13052.0,12085.88,4694.0,True,False,True
1550491d,5929,1366,4563,76.9607016360263,12812.0,11383.7,4562.0,True,False,True
155887bb,7062,1477,5585,79.08524497309544,12962.0,12294.490000000002,5584.0,True,False,True
1590af81,5231,1432,3799,72.62473714394953,12751.0,11446.95,3798.0,True,False,True
15e154a1,7699,1631,6068,78.8154305753994,11953.0,10928.69,6067.0,True,False,True
1619e2ca,6002,1559,4443,74.02532489170277,12678.0,11455.88,4442.0,True,False,True
16e4a047,5684,1553,4131,72.67769176636172,12909.0,12014.59,4130.0,True,False,True
173ed841,6530,1647,4883,74.77794793261869,13853.0,12724.83,4882.0,True,False,True
1770d7c6,9121,1881,7240,79.37726126521216,13855.0,12579.06,7239.0,True,False,True
177622d7,4699,1545,3154,67.12066397105767,13327.0,12294.39,3153.0,True,False,True
18d24f7b,6260,1702,4558,72.81150159744409,12334.0,11207.68,4557.0,True,False,True
19137a89,7958,1691,6267,78.75094244785123,11748.0,11041.54,6266.0,True,False,True
1944513c,6599,1877,4722,71.55629640854674,12737.0,11312.41,4721.0,True,False,True
197f8a5a,8248,1938,6310,76.50339476236664,11997.0,10949.52,6309.0,True,False,True
19871e7f,7152,1859,5293,74.00727069351231,13597.0,12553.16,5292.0,True,False,True
198a5607,8094,1843,6251,77.23004694835682,12134.0,11166.35,6250.0,True,False,True
19fb4f7b,7923,2303,5620,70.93272750220876,13999.0,12766.14,5619.0,True,False,True
1a518997,6544,1938,4606,70.38508557457213,12316.0,11200.63,4605.0,True,False,True
1a68190b,6502,2028,4474,68.80959704706244,14132.0,12793.43,4473.0,True,False,True
1a730ac2,6049,1444,4605,76.12828566705241,12699.0,11387.92,4604.0,True,False,True
1aaf1da0,6321,1517,4804,76.00063281126404,12887.0,11897.740000000002,4803.0,True,False,True
1b08ed48,7175,1557,5618,78.29965156794425,13135.0,12122.9,5617.0,True,False,True
1b1c5372,5792,1531,4261,73.56698895027624,11918.0,10870.68,4260.0,True,False,True
1b1eba53,6710,2055,4655,69.37406855439643,13875.0,12726.15,4654.0,True,False,True
1b6ba517,8611,2014,6597,76.6113111136918,13404.0,12061.48,6596.0,True,False,True
1b82b665,5364,1558,3806,70.9545115585384,11761.0,10845.95,3805.0,True,False,True
1bcb2fcf,6202,1678,4524,72.944211544663,13415.0,12555.66,4523.0,True,False,True
1beca81d,6650,1614,5036,75.72932330827068,12247.0,11368.71,5035.0,True,False,True
1d3fbf02,4252,1558,2694,63.35841956726247,12498.0,11761.8,2693.0,True,False,True
1d78281a,6810,1861,4949,72.67254038179148,13800.0,12780.2,4948.0,True,False,True
1e30dedf,5474,1403,4071,74.36974789915966,11728.0,10651.68,4070.0,True,False,True
1e5e3573,7126,1646,5480,76.90148751052483,13088.0,12215.14,5479.0,True,False,True
1f9afacb,7054,1726,5328,75.5316132690672,13067.0,11951.83,5327.0,True,False,True
1fdbba44,6333,1422,4911,77.54618664140219,13847.0,12803.78,4910.0,True,False,True
1fee2b62,6323,1682,4641,73.39870314724023,13253.0,12510.64,4640.0,True,False,True
20096916,6880,1747,5133,74.60755813953487,13000.0,11891.11,5132.0,True,False,True
200d233d,5896,1970,3926,66.5875169606513,13344.0,12039.88,3925.0,True,False,True
201661b5,8136,2181,5955,73.19321533923303,13846.0,12188.4,5954.0,True,False,True
203721ab,7235,1505,5730,79.19834139599172,12080.0,11200.73,5729.0,True,False,True
20402d71,7930,1558,6372,80.3530895334174,11917.0,10966.39,6371.0,True,False,True
2043abc5,8513,1555,6958,81.73381886526488,12415.0,11420.990000000002,6957.0,True,False,True
204cc64b,6454,1649,4805,74.44995351719864,13667.0,12558.35,4804.0,True,False,True
206b6193,8568,2033,6535,76.27217553688142,12691.0,11456.55,6534.0,True,False,True
2075c696,5580,2392,3188,57.1326164874552,12125.0,11192.35,3187.0,True,False,True
22c5f93f,6919,1747,5172,74.75068651539239,12905.0,11871.94,5171.0,True,False,True
230eaaa3,6451,1761,4690,72.70190668113472,12149.0,11430.25,4689.0,True,False,True
2364716c,6093,1777,4316,70.83538486788117,11966.0,10967.56,4315.0,True,False,True
23b9beb0,8790,1450,7340,83.50398179749715,12551.0,11391.0,7339.0,True,False,True
24d8997e,5188,1746,3442,66.34541249036238,12111.0,11183.39,3441.0,True,False,True
25050f63,7155,1031,6124,85.59049615653389,11299.0,10929.05,6123.0,True,False,True
25939962,6071,1752,4319,71.14149234063582,13371.0,12257.09,4318.0,True,False,True
25fd32b3,4546,1661,2885,63.46238451385834,12212.0,11185.4,2884.0,True,False,True
261785ee,5512,1866,3646,66.14658925979681,12499.0,11319.490000000002,3645.0,True,False,True
264feceb,7408,1743,5665,76.47138228941685,12340.0,11199.93,5664.0,True,False,True
26623a50,7479,1744,5735,76.68137451530953,12612.0,11385.69,5734.0,True,False,True
26d3a96a,6465,1744,4721,73.02397525135345,13762.0,12631.820000000002,4720.0,True,False,True
272abef3,5682,1547,4135,72.77367124252024,12672.0,11446.94,4134.0,True,False,True
27300fd5,7386,1919,5467,74.01841321418901,13818.0,12560.42,5466.0,True,False,True
276b012a,6291,1454,4837,76.88761723096486,13529.0,12406.78,4836.0,True,False,True
27c3155b,6941,1983,4958,71.43062959227777,13672.0,12756.02,4957.0,True,False,True
27ebb9b9,7651,1885,5766,75.36269768657692,13330.0,11934.83,5765.0,True,False,True
283269ac,4567,1941,2626,57.49945259470112,12357.0,11451.62,2625.0,True,False,True
28473855,6620,2330,4290,64.8036253776435,12491.0,10982.9,4289.0,True,False,True
28f4eda9,6824,1558,5266,77.16881594372802,12138.0,10928.38,5265.0,True,False,True
29b24409,7417,1830,5587,75.326951597681,12360.0,11201.320000000002,5586.0,True,False,True
29de15c8,5164,1733,3431,66.44074360960495,12820.0,11990.59,3430.0,True,False,True
2ab29395,3325,1473,1852,55.69924812030075,13099.0,12213.59,1851.0,True,False,True
2ac7cb6b,6451,1461,4990,77.35234847310495,11885.0,10880.73,4989.0,True,False,True
2acc78d4,6109,1843,4266,69.83139630054018,12989.0,11861.61,4265.0,True,False,True
2b034622,6761,1558,5203,76.95607158704334,11049.0,10071.9,5202.0,True,False,True
2b06ad65,5706,1450,4256,74.58815282159131,12725.0,11952.52,4255.0,True,False,True
2b547943,5131,1651,3480,67.82303644513739,12912.0,12209.62,3479.0,True,False,True
2be5c96a,5753,1543,4210,73.17921084651486,12796.0,11797.61,4209.0,True,False,True
2bff06cf,9174,1550,7624,83.10442555046872,11636.0,11004.13,7623.0,True,False,True
2c0c4a4e,6719,1929,4790,71.29037059086174,12185.0,10963.62,4789.0,True,False,True
2cee0cba,7335,1835,5500,74.98295841854124,12037.0,11231.11,5499.0,True,False,True
2d0c268a,6289,1739,4550,72.34854507870885,12409.0,11325.79,4549.0,True,False,True
2d179ded,9225,2217,7008,75.96747967479675,11912.0,10698.47,7007.0,True,False,True
2d196986,8316,1842,6474,77.84992784992785,12289.0,11202.46,6473.0,True,False,True
2d2d0c6b,6967,1922,5045,72.41280321515717,12230.0,11193.320000000002,5044.0,True,False,True
2d35f86d,6628,1732,4896,73.86843693421847,12891.0,11880.98,4895.0,True,False,True
2d9f6cb9,8627,1289,7338,85.05853715080562,13651.0,12523.69,7337.0,True,False,True
2ddad940,6812,1481,5331,78.25895478567234,12406.0,11701.37,5330.0,True,False,True
2e29e833,7254,1826,5428,74.82768127929418,13424.0,12150.02,5427.0,True,False,True
2e43c2ea,7349,1651,5698,77.53435841611103,12089.0,11181.61,5697.0,True,False,True
2e63d9de,6505,1806,4699,72.23674096848578,13576.0,12533.92,4698.0,True,False,True
2ee0235b,7256,1700,5556,76.57111356119074,12341.0,11187.39,5555.0,True,False,True
2f19d536,4744,1656,3088,65.09274873524453,13620.0,12279.03,3087.0,True,False,True
2f8e53c3,4133,1539,2594,62.76312605855311,13071.0,11952.89,2593.0,True,False,True
2fa01aa6,3860,1686,2174,56.32124352331607,13745.0,12716.09,2173.0,True,False,True
2fd68f7b,6381,1651,4730,74.1263124902053,11725.0,10810.63,4729.0,True,False,True
2fe023be,6060,1839,4221,69.65346534653465,12799.0,11444.45,4220.0,True,False,True
30d75030,5009,1605,3404,67.95767618287083,12183.0,10885.83,3403.0,True,False,True
310c71a5,6988,1743,5245,75.05724098454493,12258.0,11182.06,5244.0,True,False,True
32fe84c9,8163,1755,6408,78.50055126791621,13019.0,12127.51,6407.0,True,False,True
33c40295,5989,1820,4169,69.61095341459342,12700.0,11405.81,4168.0,True,False,True
3407f5bf,5309,1671,3638,68.52514597852702,12084.0,11008.05,3637.0,True,False,True
3417285d,7458,2009,5449,73.06248323947439,13270.0,12164.85,5448.0,True,False,True
347242c8,5437,1842,3595,66.12102262276991,12754.0,12035.04,3594.0,True,False,True
353e5502,7901,1839,6062,76.72446525756233,12271.0,11189.8,6061.0,True,False,True
357c12f9,5770,1691,4079,70.69324090121317,11828.0,10784.23,4078.0,True,False,True
3584a6eb,6150,1656,4494,73.07317073170732,13205.0,12223.77,4493.0,True,False,True
35b30c7f,11270,1691,9579,84.9955634427684,11784.0,11002.62,9578.0,True,False,True
35b3ef6a,5736,1832,3904,68.06136680613668,12013.0,10787.740000000002,3903.0,True,False,True
367456ce,7312,1743,5569,76.1624726477024,12044.0,10869.42,5568.0,True,False,True
368131f9,6568,1577,4991,75.989646772229,12988.0,11875.51,4990.0,True,False,True
368fe682,6416,1480,4936,76.93266832917706,12210.0,11280.87,4935.0,True,False,True
3690a146,5761,1688,4073,70.69953133136609,12014.0,11198.25,4072.0,True,False,True
37344c2a,6943,1746,5197,74.85236929281291,12059.0,11016.71,5196.0,True,False,True
373ef48b,4992,1483,3509,70.29246794871796,12280.0,11183.44,3508.0,True,False,True
374be387,11802,1837,9965,84.43484155227927,11917.0,10711.58,9964.0,True,False,True
37d36812,6017,1650,4367,72.57769652650823,13304.0,12209.81,4366.0,True,False,True
38991fd4,6545,1747,4798,73.30786860198624,12184.0,11221.48,4797.0,True,False,True
389ae58f,8201,1738,6463,78.80746250457261,12555.0,11707.31,6462.0,True,False,True
3932faa6,7388,1936,5452,73.79534380075799,13428.0,12030.31,5451.0,True,False,True
398dce4b,5005,1839,3166,63.256743256743256,11904.0,10820.2,3165.0,True,False,True
39b51819,6382,2151,4231,66.29583202757756,12502.0,10982.86,4230.0,True,False,True
3a0af893,4580,1653,2927,63.90829694323145,13621.0,12189.64,2926.0,True,False,True
3a223519,6581,1998,4583,69.63987235982374,13857.0,12819.1,4582.0,True,False,True
3a7dd95d,4320,1248,3072,71.11111111111111,12256.0,11895.75,3071.0,True,False,True
3a824aa7,5678,1477,4201,73.98731947868968,13372.0,12210.62,4200.0,True,False,True
3a86fe8d,6572,1454,5118,77.87583688374924,12430.0,11450.46,5117.0,True,False,True
3aaa2b30,6396,1685,4711,73.65540963101938,12104.0,10886.86,4710.0,True,False,True
3ac16ad0,7412,1763,5649,76.2142471667566,11915.0,10961.66,5648.0,True,False,True
3b21ea64,9103,1727,7376,81.02823245084039,13591.0,12425.91,7375.0,True,False,True
3bbe1f5d,8184,1266,6918,84.5307917888563,11744.0,11194.53,6917.0,True,False,True
3bfee975,5088,1485,3603,70.81367924528303,13077.0,12164.26,3602.0,True,False,True
3c3dbcbc,6911,1842,5069,73.3468383736073,13000.0,11859.75,5068.0,True,False,True
3d96d897,7147,1488,5659,79.18007555617741,12204.0,11202.03,5658.0,True,False,True
3df4b19e,6658,1670,4988,74.9173926103935,12520.0,11382.94,4987.0,True,False,True
3e011332,4842,2119,2723,56.237092110698065,12677.0,11428.740000000002,2722.0,True,False,True
3e678ea7,8737,1879,6858,78.4937621609248,13813.0,12528.21,6857.0,True,False,True
3ef6372a,6666,1939,4727,70.9120912091209,12292.0,11415.56,4726.0,True,False,True
3ef98781,5343,1451,3892,72.84297211304511,12726.0,11963.61,3891.0,True,False,True
3f603129,6599,1548,5051,76.54190028792242,11871.0,10974.28,5050.0,True,False,True
404c4384,2612,1701,911,34.87748851454824,11944.0,10810.45,910.0,True,False,True
4121c517,5471,1748,3723,68.04971668799122,12015.0,10947.09,3722.0,True,False,True
41fb0192,4381,1408,2973,67.86121889979457,13464.0,12593.8,2972.0,True,False,True
42669188,6080,1798,4282,70.42763157894737,12445.0,11623.16,4281.0,True,False,True
42c538a1,4762,1483,3279,68.85762284754306,12492.0,11283.46,3278.0,True,False,True
43b06c70,6590,1744,4846,73.53566009104703,13024.0,11903.54,4845.0,True,False,True
43c7f85a,7484,1506,5978,79.87707108498128,11935.0,10976.95,5977.0,True,False,True
43e16325,5845,2125,3720,63.64414029084687,12395.0,10952.1,3719.0,True,False,True
44441e54,5568,1211,4357,78.2507183908046,12881.0,11971.16,4356.0,True,False,True
445af6c2,7998,1957,6041,75.53138284571142,12254.0,11223.73,6040.0,True,False,True
4463446c,4729,1473,3256,68.85176570099387,11896.0,10510.78,3255.0,True,False,True
44a94013,6492,1589,4903,75.52372150338878,12054.0,10931.54,4902.0,True,False,True
45fb3e21,5626,1977,3649,64.85958051901885,12843.0,11468.84,3648.0,True,False,True
460f859e,4982,1646,3336,66.9610598153352,12106.0,11214.37,3335.0,True,False,True
4630ab92,5307,1934,3373,63.5575654795553,13285.0,12026.36,3372.0,True,False,True
463c38f2,6048,1588,4460,73.74338624338624,12363.0,11182.63,4459.0,True,False,True
4654e7de,7010,1637,5373,76.64764621968617,12369.0,11220.92,5372.0,True,False,True
466fc788,7767,1570,6197,79.78627526715592,12994.0,11993.9,6196.0,True,False,True
46a301e9,9962,1736,8226,82.57378036538847,11861.0,10973.64,8225.0,True,False,True
46a7190b,5646,1431,4215,74.65462274176407,13572.0,12490.41,4214.0,True,False,True
46d24a09,6123,1674,4449,72.66046055854973,13943.0,12738.91,4448.0,True,False,True
46d41ff6,9226,1325,7901,85.63841318014308,12990.0,12061.59,7900.0,True,False,True
46dfcfca,4921,1315,3606,73.27778906726276,13479.0,12482.81,3605.0,True,False,True
47222616,5835,1429,4406,75.50985432733505,13296.0,12201.84,4405.0,True,False,True
47ee27ab,8274,1877,6397,77.31447909112885,12244.0,11367.15,6396.0,True,False,True
481de5fc,7694,1742,5952,77.35898102417468,13308.0,12071.51,5951.0,True,False,True
48c1f673,4666,1749,2917,62.516073724817836,11770.0,10854.43,2916.0,True,False,True
4936af16,5559,1568,3991,71.7934880374168,11978.0,10868.75,3990.0,True,False,True
493b5b31,6884,2213,4671,67.85299244625219,13844.0,12688.25,4670.0,True,False,True
49dbc14c,5198,1326,3872,74.49018853405155,11832.0,11199.1,3871.0,True,False,True
4a035ec2,4522,1934,2588,57.2313135780628,13653.0,12610.1,2587.0,True,False,True
4a335117,6727,1712,5015,74.55031960755166,11908.0,11189.89,5014.0,True,False,True
4a8ecc0b,7374,1565,5809,78.77678329264985,12802.0,11866.88,5808.0,True,False,True
4b462989,4738,1632,3106,65.5550865344027,11984.0,10976.77,3105.0,True,False,True
4b831d20,9433,2121,7312,77.51510654086718,13773.0,12550.17,7311.0,True,False,True
4c2208f5,7248,1864,5384,74.28256070640177,13937.0,12672.98,5383.0,True,False,True
4c3168cf,5959,1625,4334,72.73032387984561,12802.0,11997.88,4333.0,True,False,True
4c3df468,6903,1511,5392,78.11096624655947,12044.0,10942.490000000002,5391.0,True,False,True
4caa7289,6854,1458,5396,78.7277502188503,12179.0,11191.1,5395.0,True,False,True
4cd1ac61,6709,2220,4489,66.91012073334328,13225.0,11859.88,4488.0,True,False,True
4cecf7b3,7676,1657,6019,78.41323606044816,13369.0,12052.16,6018.0,True,False,True
4ddde4c1,6417,1945,4472,69.68988623967586,12110.0,10958.48,4471.0,True,False,True
4e050c92,5236,1531,3705,70.76012223071046,13113.0,12048.33,3704.0,True,False,True
4ed93db6,6496,1839,4657,71.69027093596058,12549.0,11373.78,4656.0,True,False,True
4f3eb9e9,5911,1214,4697,79.46201996278126,12573.0,11349.63,4696.0,True,False,True
4f4ac5ce,6899,1737,5162,74.82243803449775,12309.0,11197.18,5161.0,True,False,True
4f4afcc6,7184,1539,5645,78.57739420935413,12204.0,11177.65,5644.0,True,False,True
4f69febf,7599,2139,5460,71.8515594157126,11967.0,10941.33,5459.0,True,False,True
4fbe9c06,7938,1651,6287,79.20131015369111,12090.0,11207.94,6286.0,True,False,True
504c8b08,8012,1645,6367,79.4682975536695,12113.0,11211.9,6366.0,True,False,True
511e1db0,5645,1824,3821,67.68821966341896,11965.0,11183.18,3820.0,True,False,True
512943b2,6681,1652,5029,75.27316270019459,12438.0,11360.12,5028.0,True,False,True
5138a660,4829,1270,3559,73.70055912197142,12953.0,12064.4,3558.0,True,False,True
516088b7,8300,1655,6645,80.06024096385542,12220.0,11463.26,6644.0,True,False,True
521a7819,7224,2024,5200,71.98228128460687,12399.0,11225.79,5199.0,True,False,True
5254b6db,5115,1841,3274,64.0078201368524,13318.0,12042.06,3273.0,True,False,True
529e88ca,5253,1836,3417,65.0485436893204,11840.0,11004.46,3416.0,True,False,True
52f1e77a,6053,1611,4442,73.38509829836445,13168.0,12024.5,4441.0,True,False,True
5305524b,6457,1559,4898,75.85566052346292,12086.0,10943.14,4897.0,True,False,True
53134831,7214,2088,5126,71.05627945661215,13277.0,12206.570000000002,5125.0,True,False,True
5397ceb1,6811,1556,5255,77.15460284833358,12726.0,11402.9,5254.0,True,False,True
53f23031,10200,1650,8550,83.82352941176471,12551.0,11389.73,8549.0,True,False,True
543198e8,8311,1808,6503,78.2456984719047,11888.0,10978.35,6502.0,True,False,True
54753541,5679,1653,4026,70.89276281035394,12122.0,10775.6,4025.0,True,False,True
54a7e3c2,7893,1738,6155,77.98048904092234,12218.0,11158.45,6154.0,True,False,True
5542c301,5433,1842,3591,66.09607951408061,11966.0,10979.91,3590.0,True,False,True
5567d551,8390,1501,6889,82.10965435041716,12539.0,11415.03,6888.0,True,False,True
55efee7f,6577,1776,4801,72.99680705488825,12208.0,11228.11,4800.0,True,False,True
5663b2b7,6907,1935,4972,71.98494281164037,13329.0,12055.54,4971.0,True,False,True
5693dde2,4846,1358,3488,71.97688815517952,13013.0,12249.48,3487.0,True,False,True
56b00794,7293,1228,6065,83.16193610311258,11916.0,10989.23,6064.0,True,False,True
57796579,7622,1732,5890,77.27630543164524,12160.0,11192.64,5889.0,True,False,True
577eec7c,6085,1546,4539,74.59326211996714,10943.0,10062.71,4538.0,True,False,True
57f05c51,6478,1707,4771,73.64927446742821,13462.0,12664.45,4770.0,True,False,True
58850d2c,6918,1923,4995,72.20294882914136,13796.0,12526.59,4994.0,True,False,True
58fa8486,6126,1651,4475,73.04929807378387,13224.0,12052.81,4474.0,True,False,True
591cc951,6669,2060,4609,69.11081121607438,12406.0,11212.45,4608.0,True,False,True
593876b6,6366,1524,4842,76.0603204524034,12533.0,11369.77,4841.0,True,False,True
59f8b2e8,5668,1921,3747,66.10797459421313,12753.0,11509.990000000002,3746.0,True,False,True
5a1a8fd8,6814,1554,5260,77.1940123275609,12785.0,12020.75,5259.0,True,False,True
5a5269a9,8053,1540,6513,80.87669191605613,12228.0,11404.87,6512.0,True,False,True
5a5d1982,5446,1552,3894,71.50201983106868,12095.0,11200.16,3893.0,True,False,True
5a63b5d1,8052,1835,6217,77.21063089915549,12505.0,11512.320000000002,6216.0,True,False,True
5aa03df7,6752,1881,4871,72.14158767772511,12289.0,11330.0,4870.0,True,False,True
5aa403d0,4702,1584,3118,66.31220757124628,11981.0,10960.64,3117.0,True,False,True
5aef5c6c,4853,1732,3121,64.31073562744693,12340.0,11323.1,3120.0,True,False,True
5b7b6324,8197,1633,6564,80.07807734537026,13656.0,12518.5,6563.0,True,False,True
5bd25f59,6120,1910,4210,68.79084967320262,11773.0,10803.98,4209.0,True,False,True
5beded95,4779,1722,3057,63.96735718769617,12325.0,11412.820000000002,3056.0,True,False,True
5cb483ac,5206,1354,3852,73.99154821359969,12924.0,11997.63,3851.0,True,False,True
5cdd8dbc,5751,1741,4010,69.72700399930447,12243.0,11189.87,4009.0,True,False,True
5d11dfb5,7643,1748,5895,77.12939945047756,13162.0,12220.12,5894.0,True,False,True
5d7198fd,4797,1429,3368,70.21054825932875,13689.0,12239.46,3367.0,True,False,True
5def1ce5,7997,1554,6443,80.56771289233463,12164.0,11183.3,6442.0,True,False,True
5eae34a8,6652,1748,4904,73.72218881539386,12047.0,10895.45,4903.0,True,False,True
5f4d2a52,7112,1887,5225,73.4673790776153,12392.0,10865.83,5224.0,True,False,True
5f6756c5,8064,2133,5931,73.54910714285714,13536.0,12202.3,5930.0,True,False,True
5f75f796,7324,1762,5562,75.94210813762972,13651.0,12769.39,5561.0,True,False,True
5fb1c15f,4857,1997,2860,58.8840848260243,12242.0,11012.240000000002,2859.0,True,False,True
5fffa282,6223,2022,4201,67.50763297444962,12577.0,11435.87,4200.0,True,False,True
60e37807,4641,1942,2699,58.15556992027581,12700.0,11424.490000000002,2698.0,True,False,True
61f27424,8341,2121,6220,74.57139431722814,13172.0,12146.12,6219.0,True,False,True
62569ae3,5242,1654,3588,68.44715757344525,13079.0,11952.04,3587.0,True,False,True
62a6f539,5253,1560,3693,70.3026841804683,12012.0,11200.51,3692.0,True,False,True
633774dc,7972,1739,6233,78.18615153035626,12123.0,11153.89,6232.0,True,False,True
63559d57,5810,1741,4069,70.03442340791737,12878.0,12133.94,4068.0,True,False,True
647f2a41,5836,1955,3881,66.50102810143935,13079.0,11897.17,3880.0,True,False,True
65156b96,5046,1825,3221,63.83273880301229,11876.0,11031.26,3220.0,True,False,True
653612bc,5946,1341,4605,77.44702320887991,13020.0,11959.97,4604.0,True,False,True
656a067b,4896,1845,3051,62.31617647058824,12207.0,11020.21,3050.0,True,False,True
65a5466a,6117,1434,4683,76.55713585090731,11836.0,10846.09,4682.0,True,False,True
660d9546,6140,1408,4732,77.06840390879479,13019.0,12012.35,4731.0,True,False,True
6767c111,8354,1571,6783,81.19463729949726,11827.0,11039.61,6782.0,True,False,True
67847288,9174,1745,7429,80.97885328101155,13623.0,12541.94,7428.0,True,False,True
67a8da4a,6645,1734,4911,73.90519187358916,13861.0,12662.68,4910.0,True,False,True
684a6fc1,11449,1631,9818,85.75421434186393,11953.0,10929.02,9817.0,True,False,True
698930d1,6498,1757,4741,72.96091104955372,12116.0,11032.97,4740.0,True,False,True
699ea575,5474,1354,4120,75.2648885641213,13098.0,11991.05,4119.0,True,False,True
69c1bdad,4645,1931,2714,58.42841765339074,12507.0,11414.38,2713.0,True,False,True
69e41fa6,7167,1395,5772,80.53578903306823,13010.0,12051.81,5771.0,True,False,True
6a0ff78e,7890,1425,6465,81.93916349809885,12070.0,11206.01,6464.0,True,False,True
6a8fa194,4657,1640,3017,64.78419583422804,12628.0,11989.88,3016.0,True,False,True
6ae68655,5948,1744,4204,70.67921990585072,13574.0,12126.45,4203.0,True,False,True
6d1d74e1,7316,1486,5830,79.68835429196282,12045.0,10962.94,5829.0,True,False,True
6d590e26,7842,1746,6096,77.73527161438409,12207.0,11374.69,6095.0,True,False,True
6d6d93af,5305,1710,3595,67.76625824693684,12596.0,11522.62,3594.0,True,False,True
6dbe4b60,6673,2025,4648,69.65382886258055,12814.0,11397.76,4647.0,True,False,True
6e6d122c,7083,1451,5632,79.5143300861217,13225.0,12263.45,5631.0,True,False,True
6e9ccd38,9619,1337,8282,86.10042623973386,11803.0,10690.94,8281.0,True,False,True
6ea22614,7894,1923,5971,75.63972637446162,11876.0,10866.070000000002,5970.0,True,False,True
6ede926a,6621,1683,4938,74.58087902129587,12274.0,11196.3,4937.0,True,False,True
708caea9,8482,1934,6548,77.1987738740863,11995.0,11014.1,6547.0,True,False,True
70925e23,8072,2125,5947,73.67443012884044,13986.0,12705.63,5946.0,True,False,True
70e1788b,11338,2053,9285,81.8927500440995,11912.0,10673.77,9284.0,True,False,True
71642c7d,6657,2009,4648,69.82124079915877,13805.0,12824.37,4647.0,True,False,True
71ccf778,4623,1925,2698,58.36037205277959,12818.0,11983.3,2697.0,True,False,True
7224331b,7566,1503,6063,80.13481363996829,13288.0,12174.79,6062.0,True,False,True
722cf0d8,7275,2132,5143,70.69415807560138,12158.0,10935.75,5142.0,True,False,True
7256229b,6972,1557,5415,77.66781411359725,11840.0,10895.55,5414.0,True,False,True
726f3dc2,8619,1896,6723,78.00208840932822,12311.0,11439.94,6722.0,True,False,True
7271dd80,5765,1425,4340,75.28187337380746,11582.0,10983.490000000002,4339.0,True,False,True
727a3a10,6342,1945,4397,69.33144118574582,13870.0,12738.23,4396.0,True,False,True
729665c0,5775,1512,4263,73.81818181818181,12891.0,11859.08,4262.0,True,False,True
729e9750,7427,1508,5919,79.6957048606436,11952.0,10959.53,5918.0,True,False,True
729f4217,7592,1397,6195,81.59905163329822,12092.0,11223.67,6194.0,True,False,True
72dd8501,6928,1735,5193,74.9566974595843,13084.0,12018.01,5192.0,True,False,True
73348914,5686,1465,4221,74.23496306718256,13891.0,12741.68,4220.0,True,False,True
739a914f,7319,1814,5505,75.21519333242246,12486.0,11387.02,5504.0,True,False,True
73b1447d,7522,1852,5670,75.37888859345918,13318.0,12286.12,5669.0,True,False,True
74b6186b,5148,1743,3405,66.14219114219114,11959.0,10800.5,3404.0,True,False,True
75c20ec7,7205,1844,5361,74.40666204024983,13269.0,12203.03,5360.0,True,False,True
75cd5f11,6410,1464,4946,77.16068642745711,12032.0,11215.04,4945.0,True,False,True
75d20a82,7002,1935,5067,72.3650385604113,13329.0,12056.27,5066.0,True,False,True
76201745,5858,1410,4448,75.93035165585525,11575.0,10618.89,4447.0,True,False,True
764072a5,4594,1645,2949,64.19242490204616,12137.0,11178.16,2948.0,True,False,True
77b0d905,5923,1749,4174,70.47104507850752,13344.0,12205.98,4173.0,True,False,True
77e4821c,6540,1147,5393,82.46177370030581,11756.0,11183.9,5392.0,True,False,True
7850c72e,7712,2215,5497,71.27852697095436,13987.0,12873.070000000002,5496.0,True,False,True
78a4a386,6246,1127,5119,81.95645212936279,12244.0,11366.86,5118.0,True,False,True
79507629,7320,2018,5302,72.43169398907104,13502.0,12559.1,5301.0,True,False,True
796dbd4c,8069,1821,6248,77.43214772586443,11876.0,10897.98,6247.0,True,False,True
7987f2f2,5714,2009,3705,64.84074203710185,12967.0,12222.97,3704.0,True,False,True
7993a768,7047,1560,5487,77.86292039165602,13176.0,12156.36,5486.0,True,False,True
7a5660b0,6936,1938,4998,72.05882352941177,13742.0,12735.01,4997.0,True,False,True
7acda2df,4552,1461,3091,67.90421792618629,12111.0,11185.47,3090.0,True,False,True
7b2c7b3c,4231,1647,2584,61.073032380052,12796.0,11412.39,2583.0,True,False,True
7b38844c,5197,1448,3749,72.13777179141813,13018.0,12037.26,3748.0,True,False,True
7bb17b96,5295,1373,3922,74.06987724268177,12953.0,12009.45,3921.0,True,False,True
7c607683,7001,1673,5328,76.10341379802885,12014.0,11213.47,5327.0,True,False,True
7cbbd047,6790,1669,5121,75.41973490427098,12855.0,12014.6,5120.0,True,False,True
7cd4bb31,7959,1520,6439,80.90212338233447,12222.0,11192.95,6438.0,True,False,True
7d50373e,6494,1372,5122,78.87280566676932,12125.0,11218.09,5121.0,True,False,True
7d57c75d,6147,1742,4405,71.6609728322759,11787.0,10794.1,4404.0,True,False,True
7e208414,5732,1506,4226,73.72644801116539,12990.0,12032.75,4225.0,True,False,True
7e721392,8301,2127,6174,74.37658113480303,12584.0,11514.17,6173.0,True,False,True
7ff89f8f,9539,2202,7337,76.91581926826711,11894.0,10682.81,7336.0,True,False,True
8050c789,4940,1863,3077,62.287449392712546,13422.0,12282.63,3076.0,True,False,True
807f0298,5499,1752,3747,68.13966175668304,12033.0,11036.990000000002,3746.0,True,False,True
811f52b3,6674,1838,4836,72.46029367695535,12286.0,11215.77,4835.0,True,False,True
81bf5923,6386,1843,4543,71.13999373629815,13771.0,12773.62,4542.0,True,False,True
81fc01c6,7655,1746,5909,77.19137818419334,11855.0,10794.71,5908.0,True,False,True
8255c867,5338,1749,3589,67.2349194454852,12145.0,11151.14,3588.0,True,False,True
82aab6d2,7889,1749,6140,77.8298897198631,13165.0,12160.7,6139.0,True,False,True
82fcf37c,7397,1383,6014,81.30323103961065,11935.0,10955.63,6013.0,True,False,True
833af382,5377,1749,3628,67.47256834666172,12240.0,11170.19,3627.0,True,False,True
8382f4b6,6680,1713,4967,74.3562874251497,12872.0,11400.77,4966.0,True,False,True
84633df4,6719,1747,4972,73.99910700997172,11811.0,10877.31,4971.0,True,False,True
8478df29,6698,1841,4857,72.51418333830995,12002.0,10921.63,4856.0,True,False,True
84815d5a,5286,1639,3647,68.99356791524782,13001.0,11942.31,3646.0,True,False,True
84c3b497,6887,1575,5312,77.13082619427908,12598.0,11516.44,5311.0,True,False,True
85380836,8175,1557,6618,80.95412844036697,12092.0,11195.13,6617.0,True,False,True
8612b37f,6807,1642,5165,75.87777288085795,12988.0,11880.09,5164.0,True,False,True
861e71df,6284,1584,4700,74.79312539783577,12357.0,11389.73,4699.0,True,False,True
86454a6f,9100,1136,7964,87.51648351648352,13101.0,12177.94,7963.0,True,False,True
8648abae,6086,1842,4244,69.73381531383504,13085.0,12013.11,4243.0,True,False,True
865033f8,5303,1746,3557,67.07524042994531,12109.0,11194.25,3556.0,True,False,True
87695469,8654,1651,7003,80.92211694014328,11252.0,10096.98,7002.0,True,False,True
877ed19c,5631,1923,3708,65.84976025572722,12911.0,11365.28,3707.0,True,False,True
87aa3730,7293,1686,5607,76.88194158782395,12365.0,11212.68,5606.0,True,False,True
884ecb5f,8054,1330,6724,83.48646635212317,11884.0,11173.91,6723.0,True,False,True
8902c3f6,6533,1574,4959,75.90693402724628,11979.0,10766.36,4958.0,True,False,True
896d15b9,5698,1419,4279,75.0965250965251,12828.0,11945.53,4278.0,True,False,True
8995c945,8198,1474,6724,82.02000487923884,11728.0,10986.86,6723.0,True,False,True
89969c7a,6317,1370,4947,78.31249010606301,11572.0,10906.21,4946.0,True,False,True
89f1085d,7497,1503,5994,79.95198079231692,13835.0,12813.12,5993.0,True,False,True
89f36adf,7041,1749,5292,75.15977844056242,13087.0,12229.33,5291.0,True,False,True
89fdb2f2,3570,1539,2031,56.890756302521005,13071.0,11951.4,2030.0,True,False,True
8a3da6d1,6334,1741,4593,72.5134196400379,12929.0,12003.01,4592.0,True,False,True
8a89da23,5575,1640,3935,70.5829596412556,12192.0,11196.6,3934.0,True,False,True
8a9c8932,6344,1681,4663,73.50252206809584,12398.0,11281.12,4662.0,True,False,True
8ac2f237,6775,1456,5319,78.50922509225093,12498.0,11360.27,5318.0,True,False,True
8b12bab6,6980,1746,5234,74.98567335243553,12905.0,11856.72,5233.0,True,False,True
8b5be31b,7439,1767,5672,76.24680736658152,11809.0,10842.45,5671.0,True,False,True
8b95d6d1,2783,1052,1731,62.19906575637801,11534.0,10775.76,1730.0,True,False,True
8b9d8326,7832,1669,6163,78.68998978549541,13393.0,12247.12,6162.0,True,False,True
8bb9c1e6,6382,1836,4546,71.23158884362269,12355.0,11185.25,4545.0,True,False,True
8bda1a11,7438,1457,5981,80.41140091422425,11903.0,10968.740000000002,5980.0,True,False,True
8bfa881d,5843,1754,4089,69.9811740544241,13368.0,12181.81,4088.0,True,False,True
8c167025,7113,1745,5368,75.46745395754253,12011.0,10764.61,5367.0,True,False,True
8c8348e8,5581,1693,3888,69.66493459953413,13655.0,12446.69,3887.0,True,False,True
8cc21f01,5806,1762,4044,69.65208405098174,12326.0,11753.97,4043.0,True,False,True
8cc800b3,8091,1515,6576,81.27549128661475,12026.0,10910.320000000002,6575.0,True,False,True
8d5d46d7,7282,1527,5755,79.03048613018402,12236.0,11208.18,5754.0,True,False,True
8d92cb49,4839,1250,3589,74.16821657367224,12534.0,11423.96,3588.0,True,False,True
8f201368,8151,1802,6349,77.89228315544105,12189.0,11169.490000000002,6348.0,True,False,True
90386ee4,5304,1464,3840,72.39819004524887,12280.0,11183.43,3839.0,True,False,True
91abc4c7,7787,1939,5848,75.0995248491075,12422.0,10965.71,5847.0,True,False,True
91b301ce,8512,1942,6570,77.18515037593986,12111.0,11011.78,6569.0,True,False,True
91db7070,5646,1573,4073,72.13956783563586,13147.0,12029.18,4072.0,True,False,True
925a7cd1,6501,1984,4517,69.48161821258267,13240.0,12096.4,4516.0,True,False,True
9283ae69,5118,1747,3371,65.86557248925361,11723.0,10981.86,3370.0,True,False,True
9298ad5b,5807,1843,3964,68.26244188048906,12379.0,11147.6,3963.0,True,False,True
9314ff13,4494,1746,2748,61.148197596795725,12819.0,11995.94,2747.0,True,False,True
93209a3d,6300,1603,4697,74.55555555555556,13316.0,11871.78,4696.0,True,False,True
939d9c34,6627,1526,5101,76.9729892862532,12146.0,11860.97,5100.0,True,False,True
93f5d2e6,5171,1480,3691,71.3788435505705,12063.0,11037.89,3690.0,True,False,True
940a48d9,5627,1664,3963,70.42829216278656,11853.0,10918.16,3962.0,True,False,True
940e709a,4989,1641,3348,67.10763680096211,11818.0,11031.33,3347.0,True,False,True
9426ec1e,3923,1391,2532,64.54244200866684,13112.0,12018.85,2531.0,True,False,True
94467f50,5116,2081,3035,59.3236903831118,11985.0,10764.77,3034.0,True,False,True
944f36b9,6035,1405,4630,76.71913835956919,11825.0,10850.3,4629.0,True,False,True
94d813a4,6591,1744,4847,73.53967531482324,13846.0,12740.53,4846.0,True,False,True
95b559e7,4638,1751,2887,62.2466580422596,13018.0,11940.93,2886.0,True,False,True
95c8427f,8051,1716,6335,78.68587753074152,12126.0,11218.09,6334.0,True,False,True
96936c22,4997,1651,3346,66.9601761056634,13138.0,12087.070000000002,3345.0,True,False,True
96ae5806,11527,1688,9839,85.35612041294353,13126.0,12120.820000000002,9838.0,True,False,True
96b7eea1,6078,1746,4332,71.27344521224087,12227.0,11126.92,4331.0,True,False,True
9719aa04,6665,1794,4871,73.08327081770443,12026.0,10958.39,4870.0,True,False,True
974802e7,7537,1694,5843,77.52421387820088,11225.0,10092.6,5842.0,True,False,True
97cd5bf9,5099,1650,3449,67.64071386546382,11867.0,10823.5,3448.0,True,False,True
98177ced,6789,2017,4772,70.29017528354692,13703.0,12663.64,4771.0,True,False,True
9896fc0b,5109,1514,3595,70.36602074770015,11984.0,10977.98,3594.0,True,False,True
98bc6f66,7720,1657,6063,78.5362694300518,11940.0,10947.31,6062.0,True,False,True
992c99e8,6740,1836,4904,72.75964391691396,12611.0,11389.55,4903.0,True,False,True
992ce078,4661,1782,2879,61.7678609740399,12725.0,11989.02,2878.0,True,False,True
99529c45,7591,1751,5840,76.933210380714,12204.0,11155.73,5839.0,True,False,True
995ff498,6127,1601,4526,73.86975681410152,12174.0,11214.69,4525.0,True,False,True
999daf80,5439,1875,3564,65.52675124103695,12218.0,11143.92,3563.0,True,False,True
9a6b0392,5802,1547,4255,73.33678042054464,11660.0,10626.66,4254.0,True,False,True
9a8ae0d6,7835,1541,6294,80.33184428844926,13087.0,11951.2,6293.0,True,False,True
9a95e33f,8156,1709,6447,79.04610102991663,12293.0,11500.37,6446.0,True,False,True
9ab94eeb,6372,1930,4442,69.7112366603892,12118.0,10983.39,4441.0,True,False,True
9ad5410a,5749,1544,4205,73.14315533136198,13036.0,11901.570000000002,4204.0,True,False,True
9ae248be,6655,1384,5271,79.20360631104433,13847.0,12761.03,5270.0,True,False,True
9af1ffd0,5454,1929,3525,64.63146314631463,11885.0,10813.69,3524.0,True,False,True
9b5b61c1,7215,1683,5532,76.67359667359668,11944.0,11132.91,5531.0,True,False,True
9b9e3b49,6875,1757,5118,74.44363636363637,12901.0,11913.23,5117.0,True,False,True
9bd2bba3,9092,1653,7439,81.81918169819622,13557.0,12524.19,7438.0,True,False,True
9c211c53,8842,1577,7265,82.16466862700746,11131.0,10075.14,7264.0,True,False,True
9c350a6a,7794,1742,6052,77.64947395432384,12791.0,11396.990000000002,6051.0,True,False,True
9c8375f7,5432,1758,3674,67.63622974963181,12223.0,11200.64,3673.0,True,False,True
9d072e4c,6798,1691,5107,75.12503677552222,12953.0,12011.820000000002,5106.0,True,False,True
9d3ec64c,4937,1457,3480,70.48815069880494,11494.0,10811.14,3479.0,True,False,True
9d4272e3,5771,1741,4030,69.8319182117484,13493.0,12500.21,4029.0,True,False,True
9d5e14d4,6565,1165,5400,82.25437928408226,11436.0,10964.66,5399.0,True,False,True
9da441ba,7283,1500,5783,79.40409172044487,12364.0,11349.27,5782.0,True,False,True
9dede370,8057,1760,6297,78.15564105746556,13163.0,12201.56,6296.0,True,False,True
9def2eb2,7750,1747,6003,77.45806451612903,12737.0,11437.97,6002.0,True,False,True
9df1b1f9,6444,1743,4701,72.95158286778398,13385.0,11989.71,4700.0,True,False,True
9dfff011,6067,1748,4319,71.18839624196472,12520.0,11419.13,4318.0,True,False,True
9e3e364d,5809,1519,4290,73.85092098467895,12911.0,11394.6,4289.0,True,False,True
9efc812e,6100,1650,4450,72.95081967213115,12390.0,11167.54,4449.0,True,False,True
9f0c7bae,4040,1498,2542,62.92079207920792,14071.0,12791.0,2541.0,True,False,True
9ffce529,6675,1463,5212,78.08239700374531,13254.0,12054.09,5211.0,True,False,True
a0383629,7687,1855,5832,75.86834916092103,12131.0,11200.62,5831.0,True,False,True
a056d01e,8292,1735,6557,79.07621804148577,12626.0,11730.37,6556.0,True,False,True
a08d9e63,5199,1514,3685,70.87901519522985,11986.0,10991.21,3684.0,True,False,True
a0b83014,6873,1838,5035,73.25767495998836,12434.0,11396.69,5034.0,True,False,True
a0e92ed6,6446,1549,4897,75.96959354638535,12894.0,11956.48,4896.0,True,False,True
a15bc102,5124,1888,3236,63.15378610460578,12036.0,10944.61,3235.0,True,False,True
a247e7cf,7237,1563,5674,78.40265303302473,11940.0,10976.45,5673.0,True,False,True
a2e8e7f6,5812,1052,4760,81.89951823812801,11534.0,10775.26,4759.0,True,False,True
a3518960,6992,2025,4967,71.0383295194508,13452.0,12147.37,4966.0,True,False,True
a3f71395,7040,1497,5543,78.73579545454545,13844.0,12773.56,5542.0,True,False,True
a4719920,7495,1611,5884,78.50567044696464,12811.0,11440.05,5883.0,True,False,True
a48640d9,6586,2054,4532,68.81263285757669,13871.0,12509.75,4531.0,True,False,True
a4cdbb0f,6759,1555,5204,76.99363811214677,12064.0,10964.9,5203.0,True,False,True
a4f989c2,7024,1639,5385,76.66571753986332,12133.0,11170.570000000002,5384.0,True,False,True
a5aa7973,6449,1833,4616,71.57698868041557,12113.0,10953.87,4615.0,True,False,True
a5e6f7dc,7331,1682,5649,77.0563361069431,12258.0,11402.85,5648.0,True,False,True
a612d5a0,7160,1831,5329,74.42737430167597,12133.0,11145.740000000002,5328.0,True,False,True
a622ce4d,8047,1749,6298,78.26519199701752,12411.0,11393.240000000002,6297.0,True,False,True
a645da9a,6766,1613,5153,76.16021282885013,12857.0,12022.35,5152.0,True,False,True
a692b17e,5409,1843,3566,65.92715843963765,12136.0,11174.29,3565.0,True,False,True
a6b8ac67,7017,1564,5453,77.71127262362833,13679.0,12752.41,5452.0,True,False,True
a6ed2eff,7054,1779,5275,74.78026651545223,12611.0,11314.65,5274.0,True,False,True
a6f967fb,7032,2362,4670,66.41069397042094,14001.0,12677.94,4669.0,True,False,True
a76db406,6451,1779,4672,72.42288017361649,12009.0,10770.320000000002,4671.0,True,False,True
a7744f5b,6017,1640,4377,72.74389230513545,12185.0,11196.51,4376.0,True,False,True
a783cc24,3275,1386,1889,57.6793893129771,11727.0,10769.72,1888.0,True,False,True
a79fd2e7,6327,1923,4404,69.60644855381697,13023.0,11964.67,4403.0,True,False,True
a7fc3e6b,6378,1614,4764,74.69426152398871,11805.0,10947.85,4763.0,True,False,True
a85bb86f,5100,2001,3099,60.76470588235294,12114.0,11142.83,3098.0,True,False,True
a85e4bc3,5993,1412,4581,76.43917904221593,11087.0,10083.11,4580.0,True,False,True
a87433c9,7460,1739,5721,76.68900804289545,12818.0,11899.42,5720.0,True,False,True
a8ed028a,7310,1772,5538,75.75923392612859,13962.0,12822.85,5537.0,True,False,True
a959858c,5770,1366,4404,76.32582322357018,12442.0,12133.85,4403.0,True,False,True
a9c9b150,5826,1840,3986,68.41743906625472,12290.0,11158.3,3985.0,True,False,True
aa95015b,5761,1461,4300,74.63981947578546,12207.0,11344.81,4299.0,True,False,True
aaaf3c03,4728,1731,2997,63.388324873096444,12635.0,11995.84,2996.0,True,False,True
aaeffccb,4586,1874,2712,59.13650239860445,13218.0,12212.01,2711.0,True,False,True
ab112491,7178,1993,5185,72.23460573976038,13129.0,12276.5,5184.0,True,False,True
ab18d3fc,7337,1643,5694,77.60665121984462,13219.0,12282.02,5693.0,True,False,True
ab3ced07,6008,1758,4250,70.73901464713715,13379.0,12222.14,4249.0,True,False,True
ab6fe95d,7424,1933,5491,73.96282327586206,11268.0,10065.52,5490.0,True,False,True
ab94878e,7652,1648,6004,78.46314688970205,12065.0,11172.76,6003.0,True,False,True
abf460d2,4763,1546,3217,67.54146546294353,13137.0,12086.87,3216.0,True,False,True
ac6f01d5,6729,1725,5004,74.36469014712439,13362.0,12523.62,5003.0,True,False,True
ad2133a8,7187,1458,5729,79.71337136496453,13248.0,12070.21,5728.0,True,False,True
add9c322,5519,1587,3932,71.24479072295705,12059.0,10887.54,3931.0,True,False,True
ae069086,6741,1971,4770,70.76101468624833,12216.0,11205.75,4769.0,True,False,True
ae0784a8,9171,1348,7823,85.30149383927598,13085.0,12067.03,7822.0,True,False,True
ae35f33a,6469,2019,4450,68.78961199567166,13760.0,12679.47,4449.0,True,False,True
ae8959c3,6645,2127,4518,67.99097065462753,11960.0,10869.47,4517.0,True,False,True
aed44918,4020,1301,2719,67.636815920398,13569.0,12770.94,2718.0,True,False,True
aee6393a,7146,1281,5865,82.07388748950461,12011.0,11003.59,5864.0,True,False,True
af7a59ce,4330,1306,3024,69.83833718244804,12202.0,11315.72,3023.0,True,False,True
aff4e561,7723,1697,6026,78.02667357244594,11937.0,10940.68,6025.0,True,False,True
b04b58a3,5229,1827,3402,65.06024096385542,11960.0,10750.64,3401.0,True,False,True
b0d42b0d,6357,1386,4971,78.19726285983954,12144.0,11065.59,4970.0,True,False,True
b0f53bf4,4202,1447,2755,65.56401713469776,13110.0,12216.87,2754.0,True,False,True
b19b0395,7196,1383,5813,80.780989438577,12081.0,11199.23,5812.0,True,False,True
b1efb8a4,7562,1564,5998,79.31764083575774,13221.0,12015.570000000002,5997.0,True,False,True
b32902c0,5737,1929,3808,66.3761547847307,12249.0,10919.4,3807.0,True,False,True
b32e4903,7420,1650,5770,77.76280323450135,12247.0,11184.37,5769.0,True,False,True
b3388334,7807,1727,6080,77.87882669399258,12366.0,11481.52,6079.0,True,False,True
b37fd114,9786,1625,8161,83.39464541181279,12672.0,11373.26,8160.0,True,False,True
b38e3116,7954,1743,6211,78.08649735981896,13220.0,12012.820000000002,6210.0,True,False,True
b4d8dd4f,5909,1650,4259,72.07649348451514,11896.0,11194.490000000002,4258.0,True,False,True
b4f37e6e,4499,1507,2992,66.50366748166259,12087.0,11179.72,2991.0,True,False,True
b56bc0aa,7431,1829,5602,75.38689274660207,12111.0,11192.6,5601.0,True,False,True
b585b4fa,5999,1705,4294,71.57859643273879,12165.0,11233.570000000002,4293.0,True,False,True
b5aa9634,8747,1421,7326,83.75443009031667,13769.0,12541.7,7325.0,True,False,True
b7974e66,7170,1612,5558,77.51743375174337,13233.0,12116.19,5557.0,True,False,True
b7cdcecb,7620,1452,6168,80.94488188976378,11933.0,10956.66,6167.0,True,False,True
b7fea9ef,5575,1709,3866,69.34529147982063,11727.0,10769.62,3865.0,True,False,True
b85f7b06,5453,1650,3803,69.74142673757565,12910.0,11393.1,3802.0,True,False,True
b881d27e,5442,1433,4009,73.66776920249907,12184.0,11170.12,4008.0,True,False,True
b8c49c1a,6254,1935,4319,69.05980172689479,11987.0,10786.990000000002,4318.0,True,False,True
b95e7121,7492,1186,6306,84.16978109983982,11987.0,11360.92,6305.0,True,False,True
b977be4a,7495,1578,5917,78.94596397598399,12296.0,11387.65,5916.0,True,False,True
ba48188d,5534,1368,4166,75.28008673653777,13334.0,12271.54,4165.0,True,False,True
bb2cdd83,5665,1840,3825,67.5198587819947,12207.0,11216.240000000002,3824.0,True,False,True
bb337fa0,8216,1343,6873,83.65384615384616,12350.0,11424.42,6872.0,True,False,True
bb682ebd,5931,1792,4139,69.78587084808633,12110.0,11016.97,4138.0,True,False,True
bc4381e2,6885,1930,4955,71.96804647785041,13269.0,12127.25,4954.0,True,False,True
bcebcc5f,7889,1631,6258,79.32564330079857,11953.0,10928.62,6257.0,True,False,True
bd2c2f34,11621,1798,9823,84.52800963772481,11917.0,10685.38,9822.0,True,False,True
bd4ae5da,6905,1899,5006,72.49818971759593,12900.0,11877.71,5005.0,True,False,True
bd6f0e19,6979,1839,5140,73.64951998853704,12434.0,11345.85,5139.0,True,False,True
bd8f847e,6161,1200,4961,80.52264242817725,13514.0,12797.820000000002,4960.0,True,False,True
be063506,6539,2039,4500,68.81786205841873,13031.0,11874.12,4499.0,True,False,True
be35c8f2,5898,1672,4226,71.65140725669718,13377.0,12549.26,4225.0,True,False,True
be83e781,4776,1555,3221,67.44137353433835,12367.0,11181.45,3220.0,True,False,True
beda8696,7868,1956,5912,75.13980681240467,12129.0,10951.43,5911.0,True,False,True
bf39bc20,5047,1744,3303,65.44481870418069,12201.0,11201.28,3302.0,True,False,True
bf70b410,8000,1653,6347,79.3375,11941.0,10982.53,6346.0,True,False,True
bffe3082,7186,1463,5723,79.64096854995826,12573.0,11889.740000000002,5722.0,True,False,True
c03b9305,6067,1812,4255,70.13350914784901,11754.0,10797.47,4254.0,True,False,True
c03d4aed,6375,1734,4641,72.8,13855.0,12793.21,4640.0,True,False,True
c03fba65,5669,1970,3699,65.24960310460398,11893.0,10805.3,3698.0,True,False,True
c07fd0cd,6035,1844,4191,69.44490472245236,13547.0,12532.42,4190.0,True,False,True
c1708b88,7960,1645,6315,79.33417085427136,12348.0,11366.3,6314.0,True,False,True
c1d046f4,6917,1404,5513,79.70218302732398,12465.0,11382.18,5512.0,True,False,True
c2717d4f,6682,1961,4721,70.65249925172104,12803.0,11318.56,4720.0,True,False,True
c2c4db09,7851,1812,6039,76.920137562094,12407.0,11382.0,6038.0,True,False,True
c2c6fc71,8840,1721,7119,80.53167420814479,13105.0,12077.78,7118.0,True,False,True
c36625df,6386,1644,4742,74.2561854055747,12805.0,11874.22,4741.0,True,False,True
c3957531,7254,1938,5316,73.28370554177006,13653.0,12663.72,5315.0,True,False,True
c42fe306,7023,1928,5095,72.54734443969814,12403.0,10965.09,5094.0,True,False,True
c43812e2,7293,1766,5527,75.78499931441108,13290.0,12194.58,5526.0,True,False,True
c472c0b5,4867,1813,3054,62.749126772138894,11770.0,10796.13,3053.0,True,False,True
c47e0767,6099,1743,4356,71.42154451549433,13304.0,12153.58,4355.0,True,False,True
c50b42f6,7920,1906,6014,75.93434343434343,12052.0,10966.65,6013.0,True,False,True
c593337f,7118,1910,5208,73.16661983703287,13569.0,12115.4,5207.0,True,False,True
c59b6c4a,7460,1961,5499,73.71313672922251,11945.0,10944.88,5498.0,True,False,True
c66be2b8,6207,2053,4154,66.92444014821976,12390.0,11366.95,4153.0,True,False,True
c6797dd7,6281,1617,4664,74.25569176882661,12634.0,12033.740000000002,4663.0,True,False,True
c6b782a4,6675,1798,4877,73.06367041198502,12217.0,11217.87,4876.0,True,False,True
c6c96179,5813,1809,4004,68.88009633579907,12023.0,11117.92,4003.0,True,False,True
c70c0e01,6057,1745,4312,71.19035826316659,13479.0,12587.86,4311.0,True,False,True
c84c65be,10243,1747,8496,82.94444986820267,11377.0,10055.26,8495.0,True,False,True
c8d9680c,7741,1460,6281,81.13938767601086,12207.0,11364.54,6280.0,True,False,True
c908edd0,6751,1458,5293,78.40319952599614,12503.0,11348.79,5292.0,True,False,True
c9578d27,6202,1715,4487,72.34762979683973,12430.0,11221.94,4486.0,True,False,True
c96c018a,7679,1443,6236,81.20849068889179,12304.0,11350.13,6235.0,True,False,True
c99f9fae,8394,2033,6361,75.78031927567311,13056.0,12188.740000000002,6360.0,True,False,True
c9e6734f,6388,1653,4735,74.12335629304947,12253.0,11202.85,4734.0,True,False,True
c9e980e8,6262,1903,4359,69.61034813158736,12649.0,11393.52,4358.0,True,False,True
c9fedcf3,5210,1693,3517,67.50479846449137,13075.0,12122.05,3516.0,True,False,True
cad13e8f,6866,2018,4848,70.60879697057968,13707.0,12753.01,4847.0,True,False,True
cb34231f,7510,1901,5609,74.68708388814913,13704.0,12759.81,5608.0,True,False,True
cb879f40,7904,1589,6315,79.89625506072875,12207.0,10828.04,6314.0,True,False,True
cbb406b5,8135,1807,6328,77.78733866011063,12401.0,11397.06,6327.0,True,False,True
cbe51de1,5362,1399,3963,73.90898918314062,12600.0,12191.6,3962.0,True,False,True
cbe62450,7858,1600,6258,79.63858488164928,12204.0,10816.19,6257.0,True,False,True
cc08aa63,5018,1744,3274,65.2451175767238,12242.0,11193.23,3273.0,True,False,True
cc8a1d57,8321,1683,6638,79.77406561711334,13411.0,12054.77,6637.0,True,False,True
ccedb12b,6427,2026,4401,68.47673875836315,14044.0,12670.12,4400.0,True,False,True
cd7f1687,5981,1749,4232,70.75739842835647,12704.0,11448.36,4231.0,True,False,True
cda7eb37,7620,1647,5973,78.38582677165354,13328.0,12056.34,5972.0,True,False,True
cdc31d65,6608,1768,4840,73.24455205811138,13052.0,12090.43,4839.0,True,False,True
cdc60a53,7631,1753,5878,77.02791246232474,12268.0,11207.88,5877.0,True,False,True
ce55ba43,5658,1554,4104,72.53446447507953,12703.0,11432.77,4103.0,True,False,True
ce8399b7,3548,1933,1615,45.51860202931229,11965.0,11184.3,1614.0,True,False,True
cf50c9d1,6634,1776,4858,73.22882122399758,12193.0,11223.79,4857.0,True,False,True
d00e7eb9,7321,1617,5704,77.91285343532304,11740.0,10932.16,5703.0,True,False,True
d011f41b,3906,1639,2267,58.0389144905274,12133.0,11169.75,2266.0,True,False,True
d07aed8f,4709,1752,2957,62.79464854533872,13531.0,12375.28,2956.0,True,False,True
d085e611,7852,1661,6191,78.84615384615384,11990.0,10911.490000000002,6190.0,True,False,True
d0a0e7b5,5423,1607,3816,70.36695555965333,12253.0,10903.08,3815.0,True,False,True
d0a43760,5502,1461,4041,73.44601962922573,12098.0,11180.53,4040.0,True,False,True
d0cb63ae,6859,1636,5223,76.14812654905963,11739.0,11044.69,5222.0,True,False,True
d114d9c2,7543,1337,6206,82.27495691369482,11933.0,10965.77,6205.0,True,False,True
d1457cc5,8443,1523,6920,81.9613881321805,11291.0,10704.67,6919.0,True,False,True
d1ecf309,7864,1696,6168,78.43336724313326,12126.0,11040.04,6167.0,True,False,True
d1ee630d,7879,1589,6290,79.832466048991,12227.0,11345.820000000002,6289.0,True,False,True
d217e0c5,5713,1875,3838,67.18011552599334,12779.0,11432.02,3837.0,True,False,True
d24ff243,7116,1475,5641,79.27206295671726,12124.0,11207.43,5640.0,True,False,True
d273674e,5738,1839,3899,67.9505054025793,13094.0,11954.09,3898.0,True,False,True
d2f3b1ab,7018,1437,5581,79.52408093473923,12179.0,11157.1,5580.0,True,False,True
d3df146b,7252,1465,5787,79.79867622724765,13001.0,12209.54,5786.0,True,False,True
d40f61d5,5880,1841,4039,68.69047619047619,12202.0,11201.06,4038.0,True,False,True
d41beaf2,6592,1839,4753,72.10254854368931,12276.0,11225.78,4752.0,True,False,True
d463e527,6991,2224,4767,68.18766986125017,13750.0,12211.240000000002,4766.0,True,False,True
d4f60a28,6435,1934,4501,69.94560994560995,13478.0,12546.48,4500.0,True,False,True
d50c649a,6548,1675,4873,74.41967012828344,13050.0,11914.25,4872.0,True,False,True
d543916f,6281,1482,4799,76.40503104601179,11885.0,10875.77,4798.0,True,False,True
d5df0ff5,5490,1458,4032,73.44262295081967,13135.0,12058.95,4031.0,True,False,True
d60430e6,4176,1665,2511,60.129310344827594,12198.0,11204.22,2510.0,True,False,True
d63196fe,5881,1371,4510,76.68763815677606,13089.0,12057.08,4509.0,True,False,True
d6c320d9,6946,1494,5452,78.49121796717536,12275.0,11167.64,5451.0,True,False,True
d6dd7330,7660,1467,6193,80.8485639686684,13125.0,11943.55,6192.0,True,False,True
d7ba4f9d,7771,1748,6023,77.50611246943765,13708.0,12606.42,6022.0,True,False,True
d7eb0be8,7208,1807,5401,74.93063263041066,13860.0,12730.83,5400.0,True,False,True
d84b621b,5746,1752,3994,69.50922380786633,12316.0,11205.51,3993.0,True,False,True
d90aa14c,12141,2123,10018,82.51379622765835,12122.0,10916.87,10017.0,True,False,True
d924e971,5308,2124,3184,59.984928409947244,13108.0,12029.45,3183.0,True,False,True
d9ae59b2,5150,1502,3648,70.83495145631068,12402.0,11039.17,3647.0,True,False,True
d9d6d94d,6660,1741,4919,73.85885885885885,13773.0,12625.34,4918.0,True,False,True
d9eca87b,7932,1559,6373,80.34543620776601,11804.0,10984.61,6372.0,True,False,True
da2d4d7c,3567,1453,2114,59.26548920661621,13007.0,12250.56,2113.0,True,False,True
da3bfe4e,7107,1558,5549,78.07795131560434,12020.0,10996.19,5548.0,True,False,True
da3cf798,7591,1747,5844,76.98590436042683,11849.0,10779.490000000002,5843.0,True,False,True
da940160,6792,1660,5132,75.55948174322734,12437.0,11367.19,5131.0,True,False,True
dafc88c3,7187,1615,5572,77.52887157367469,12363.0,11194.320000000002,5571.0,True,False,True
dbee6c86,9114,1745,7369,80.85363177529075,13651.0,12591.84,7368.0,True,False,True
dc5fbe29,6555,1352,5203,79.37452326468345,12650.0,12047.1,5202.0,True,False,True
dc7da28f,6672,1898,4774,71.55275779376498,11987.0,10955.19,4773.0,True,False,True
dc7f9757,6203,1843,4360,70.28857004675157,12320.0,11050.320000000002,4359.0,True,False,True
dd168de0,5095,1791,3304,64.84789008832188,11863.0,11002.35,3303.0,True,False,True
dd64382d,5058,1934,3124,61.76354290233294,12000.0,10824.14,3123.0,True,False,True
dd6bc5b2,5764,2162,3602,62.491325468424705,12217.0,11145.39,3601.0,True,False,True
dd7d638e,6046,1745,4301,71.1379424412835,12246.0,11194.27,4300.0,True,False,True
ddc790ff,6468,1742,4726,73.0674087816945,12610.0,11314.96,4725.0,True,False,True
df71d1ff,7879,1651,6228,79.04556415788807,12044.0,10959.0,6227.0,True,False,True
df73b8f3,7150,1839,5311,74.27972027972028,13572.0,12554.65,5310.0,True,False,True
df8290be,5675,1703,3972,69.99118942731278,12136.0,11220.64,3971.0,True,False,True
e0079ed1,5257,1786,3471,66.0262507133346,11897.0,10958.18,3470.0,True,False,True
e03b45fd,7083,1741,5342,75.42001976563603,13846.0,12806.71,5341.0,True,False,True
e0f36d98,6714,1738,4976,74.11379207625856,12515.0,11349.3,4975.0,True,False,True
e149204f,7549,1452,6097,80.76566432640084,11935.0,10965.53,6096.0,True,False,True
e14d641e,4978,1794,3184,63.961430293290476,12231.0,11231.85,3183.0,True,False,True
e161bd0c,4813,1864,2949,61.27155620195305,13320.0,12218.58,2948.0,True,False,True
e201fd6d,6912,1842,5070,73.35069444444444,13690.0,12517.570000000002,5069.0,True,False,True
e25f1537,5018,1841,3177,63.31207652451176,11829.0,10787.18,3176.0,True,False,True
e2fc7745,5343,1651,3692,69.09975669099757,12661.0,11981.26,3691.0,True,False,True
e32da4ec,6148,1459,4689,76.2687052700065,12801.0,11986.19,4688.0,True,False,True
e3b34f5b,7293,1838,5455,74.79775126833951,11984.0,10966.87,5454.0,True,False,True
e45a2a62,6697,1690,5007,74.76482006868747,12334.0,11212.01,5006.0,True,False,True
e46f4ef4,8930,1735,7195,80.57110862262039,13625.0,12487.9,7194.0,True,False,True
e4726608,6268,1535,4733,75.51052967453732,12708.0,11958.94,4732.0,True,False,True
e5864244,6037,1568,4469,74.02683452045719,13554.0,12725.62,4468.0,True,False,True
e5c92e59,5927,1632,4295,72.46499072043193,13548.0,12205.0,4294.0,True,False,True
e5ff9fd2,4198,1844,2354,56.07432110528823,13090.0,11760.83,2353.0,True,False,True
e6c55748,5959,1487,4472,75.04614868266488,12093.0,11215.64,4471.0,True,False,True
e730c32b,6469,1741,4728,73.08703045292935,12855.0,11366.070000000002,4727.0,True,False,True
e737965a,7694,1739,5955,77.39797244606187,12328.0,10935.88,5954.0,True,False,True
e748dd88,6264,1452,4812,76.81992337164752,13051.0,12028.33,4811.0,True,False,True
e7818f7a,6829,1458,5371,78.64987553082442,12293.0,11022.87,5370.0,True,False,True
e7c36e81,5655,2124,3531,62.44031830238727,12295.0,11191.13,3530.0,True,False,True
e7d0c1de,6455,1744,4711,72.98218435321456,12532.0,11319.1,4710.0,True,False,True
e85074c5,7236,1561,5675,78.42730790491984,12011.0,10992.31,5674.0,True,False,True
e97032ad,5654,2124,3530,62.433675274142196,12295.0,11191.16,3529.0,True,False,True
e9949a23,6407,1848,4559,71.15654752614327,13311.0,12051.17,4558.0,True,False,True
ea0b99b7,10939,1700,9239,84.45927415668709,13096.0,12518.2,9238.0,True,False,True
ea3a0e38,11794,1742,10052,85.22977785314568,12051.0,10951.42,10051.0,True,False,True
ea41324e,6839,1814,5025,73.47565433542916,12620.0,11356.37,5024.0,True,False,True
eabc711b,7314,1966,5348,73.12004375170905,13005.0,11869.94,5347.0,True,False,True
eac10e86,7501,1434,6067,80.88254899346754,11955.0,10950.3,6066.0,True,False,True
eafb863e,5317,1749,3568,67.10551062629303,12240.0,11189.63,3567.0,True,False,True
eb06a4e7,6379,1844,4535,71.0926477504311,12872.0,11373.76,4534.0,True,False,True
eb640a35,7782,1745,6037,77.57645849396042,11878.0,10862.51,6036.0,True,False,True
eb934281,7812,1841,5971,76.43369175627241,13117.0,11944.54,5970.0,True,False,True
eba6605e,5719,1309,4410,77.11138310893513,11927.0,11280.47,4409.0,True,False,True
ebe69318,6718,1742,4976,74.06966359035427,12030.0,11178.59,4975.0,True,False,True
ec0d597b,6452,1836,4616,71.54370737755734,12014.0,10936.98,4615.0,True,False,True
ec13af42,7362,1900,5462,74.19179570768813,13334.0,12212.5,5461.0,True,False,True
ecdab904,8176,2029,6147,75.1834637964775,13363.0,12169.8,6146.0,True,False,True
ecdaf714,8240,1648,6592,80.0,11914.0,11013.31,6591.0,True,False,True
ed6436d6,5027,2082,2945,58.5836482991844,13280.0,12230.94,2944.0,True,False,True
ed6e6e54,7385,1337,6048,81.8957345971564,13120.0,11946.18,6047.0,True,False,True
edf885a3,4863,1746,3117,64.09623689080814,13417.0,12280.14,3116.0,True,False,True
ee0300f7,6161,1617,4544,73.75426067196884,13442.0,12528.47,4543.0,True,False,True
ee288beb,6190,1552,4638,74.92730210016155,11672.0,11020.51,4637.0,True,False,True
ee4aecac,6596,1331,5265,79.82110369921165,12502.0,11746.45,5264.0,True,False,True
eeda36f5,6198,1401,4797,77.39593417231364,13798.0,12811.97,4796.0,True,False,True
eeed308d,5503,1604,3899,70.852262402326,12184.0,11191.81,3898.0,True,False,True
ef04658e,5664,1560,4104,72.45762711864407,11833.0,10775.26,4103.0,True,False,True
ef8e3ed0,6637,1413,5224,78.71026065993672,13069.0,12120.11,5223.0,True,False,True
efde6ac3,6220,1661,4559,73.29581993569133,11990.0,10911.490000000002,4558.0,True,False,True
efe96181,5464,1452,4012,73.42606149341142,11549.0,10791.62,4011.0,True,False,True
f0188a48,6139,1969,4170,67.9263723733507,12552.0,11404.72,4169.0,True,False,True
f021b650,5610,1871,3739,66.64884135472371,13419.0,12134.52,3738.0,True,False,True
f03f10fe,5823,1678,4145,71.18323888030224,12202.0,11208.85,4144.0,True,False,True
f053a1b9,5952,1844,4108,69.01881720430107,13410.0,12275.3,4107.0,True,False,True
f074d277,3868,1415,2453,63.41778697001034,13364.0,12010.52,2452.0,True,False,True
f07d7037,7688,2125,5563,72.35952133194588,13401.0,12125.35,5562.0,True,False,True
f08774c3,5645,1745,3900,69.08768821966342,13130.0,12038.4,3899.0,True,False,True
f140c2fa,6024,1942,4082,67.76228419654714,13415.0,12058.27,4081.0,True,False,True
f16e25e3,6585,1934,4651,70.63022019741837,12092.0,10879.39,4650.0,True,False,True
f2d4c8c9,7908,1659,6249,79.02124430955993,12043.0,10928.72,6248.0,True,False,True
f321a31c,6555,1414,5141,78.42868039664378,13490.0,12545.08,5140.0,True,False,True
f40cd091,6776,1610,5166,76.2396694214876,12988.0,11899.75,5165.0,True,False,True
f439a621,4695,1874,2821,60.08519701810437,12266.0,11021.37,2820.0,True,False,True
f49fdea3,7027,1636,5391,76.71837199373843,13480.0,12101.06,5390.0,True,False,True
f4d12d23,5448,1747,3701,67.93318649045521,12224.0,11200.91,3700.0,True,False,True
f56d3ace,7383,1951,5432,73.57442773940133,12691.0,11311.69,5431.0,True,False,True
f5859199,7438,1648,5790,77.84350631890294,13437.0,12242.62,5789.0,True,False,True
f5d8aab6,6576,2132,4444,67.57907542579076,12305.0,11043.71,4443.0,True,False,True
f631da6e,5604,1511,4093,73.03711634546752,12240.0,11173.25,4092.0,True,False,True
f6824bb0,6864,1849,5015,73.06235431235432,12176.0,11225.11,5014.0,True,False,True
f6bc699b,5501,1749,3752,68.20578076713325,11970.0,10982.67,3751.0,True,False,True
f6d009f4,8003,1288,6715,83.90603523678621,11254.0,11001.490000000002,6714.0,True,False,True
f72b268f,7918,1514,6404,80.87900985097247,11653.0,11037.92,6403.0,True,False,True
f8662c22,6957,1528,5429,78.0365099899382,12547.0,11705.46,5428.0,True,False,True
f88ddb26,6585,1595,4990,75.77828397873955,12933.0,12186.8,4989.0,True,False,True
f8afa78a,7367,1335,6032,81.87864802497624,11837.0,10968.070000000002,6031.0,True,False,True
f8f59188,6740,1933,4807,71.32047477744807,12338.0,11308.97,4806.0,True,False,True
f9fc81aa,7113,1515,5598,78.70097005482918,12203.0,11178.46,5597.0,True,False,True
fa16d114,6928,1242,5686,82.07274826789839,11911.0,10954.6,5685.0,True,False,True
fa31da94,6681,1654,5027,75.2432270618171,12782.0,12189.97,5026.0,True,False,True
fa667be2,8798,1502,7296,82.9279381677654,13771.0,12590.22,7295.0,True,False,True
fae0c593,6147,1744,4403,71.62843663575728,11979.0,10875.63,4402.0,True,False,True
fb03ae90,8129,1698,6431,79.11182187230902,12330.0,11478.2,6430.0,True,False,True
fb0904bd,5087,1906,3181,62.531944171417344,12108.0,10968.85,3180.0,True,False,True
fb3848a1,7859,1940,5919,75.31492556304873,12327.0,10937.11,5918.0,True,False,True
fb73b13a,7465,1825,5640,75.55257870060281,11856.0,10797.7,5639.0,True,False,True
fba7683c,2058,1651,407,19.776482021379984,12888.0,11857.08,406.0,True,False,True
fbd68d27,8552,1723,6829,79.85266604303088,12313.0,11231.63,6828.0,True,False,True
fc03f21f,6202,1399,4803,77.44276039987102,12456.0,11887.91,4802.0,True,False,True
fc0d20b2,5308,1354,3954,74.49133383571966,11763.0,10796.320000000002,3953.0,True,False,True
fcfcc902,4665,1874,2791,59.82851018220793,12498.0,11414.16,2790.0,True,False,True
fd3b4faa,6956,1934,5022,72.19666474985624,12435.0,11338.92,5021.0,True,False,True
fd710aea,5960,1743,4217,70.75503355704697,13305.0,12161.08,4216.0,True,False,True
fd8f77fa,6756,1484,5272,78.03433984606276,12155.0,11380.16,5271.0,True,False,True
fde20ecf,6386,1719,4667,73.0817413091137,12931.0,12023.39,4666.0,True,False,True
fdfd57da,7364,2128,5236,71.10266159695817,12534.0,11367.820000000002,5235.0,True,False,True
febb4411,6275,2028,4247,67.6812749003984,13675.0,12613.23,4246.0,True,False,True
fef8af96,5068,1242,3826,75.4932912391476,11767.0,11042.3,3825.0,True,False,True
ff0aea78,4976,1715,3261,65.53456591639872,12973.0,11721.43,3260.0,True,False,True
ff8bb73a,7670,1743,5927,77.27509778357235,12185.0,11211.820000000002,5926.0,True,False,True
ffefef30,6421,1851,4570,71.17271453044697,13810.0,12762.570000000002,4569.0,True,False,True
