well_id,best_model,best_rmse,best_mae,n_rows,fold
000d7d20,Random Forest,12.729587496178686,11.152593905505777,5278,4
00bbac68,Extra Trees Optimized,32.731273906133914,20.738065844003728,7559,2
00e12e8b,Extra Trees Optimized,8.156630161803639,6.341750764329012,6384,3
015fe0d2,XGBoost Optimized,28.077363478917373,21.819208954831808,5950,1
01869cd4,Random Forest,9.320934649681531,6.333908191017924,6850,4
01982c1d,Linear Regression,31.170116775802096,27.640038193786097,5587,2
028d7b28,Linear Regression,20.637172907136605,15.906125060477889,7761,1
02e7fe5a,Random Forest,17.39599443517837,15.17307759855893,6888,1
0390d174,XGBoost Optimized,45.64820833880782,31.626326703614026,6101,3
03a935ae,Extra Trees Optimized,19.64171555091858,16.406162911333244,4430,2
044af7d1,Linear Regression,20.695045309953624,17.60693728598203,6067,4
0498acab,XGBoost Optimized,13.713794631512858,11.414425729020968,6432,4
052d64df,Extra Trees Optimized,7.590568320943859,5.7199577951915765,4590,3
05948241,Extra Trees Optimized,12.196878890861587,9.42824343418391,5428,5
059c8f24,Linear Regression,88.40980012292192,80.63257461042079,7998,4
05a0ee4d,Extra Trees Optimized,128.30344575372797,119.95442688438189,6098,5
060ab2b8,Random Forest,25.065107567915337,13.82918984883675,7818,2
06df5958,Linear Regression,40.42788060970596,39.90923478685008,5039,4
071d7b45,Linear Regression,124.36565313920491,124.08124968172815,4720,2
0849b4e2,Linear Regression,60.350476965549355,58.80463013548373,7436,2
084d66f9,Linear Regression,15.338457079283526,13.779254619839577,5632,1
08fecf00,Extra Trees Optimized,139.8897375598865,124.83720509633446,7405,5
09053135,Extra Trees Optimized,21.80778545633755,16.28169908787663,7715,4
09441b8d,Random Forest,6.031417656462483,4.234482044425293,7395,1
0955cd6c,Extra Trees Optimized,25.386657006463082,23.09326122424837,7125,4
09ec2ca9,Extra Trees Optimized,10.580837354581575,9.601374955946962,7824,1
0a57a29c,XGBoost Optimized,8.470771182866432,7.170753117832512,7194,4
0bbf5e67,Random Forest,27.20296645143282,16.313832189301102,6031,3
0be01c24,Random Forest,22.51505112119794,17.329345965550164,6385,4
0c1b160c,Extra Trees Optimized,8.623113840829397,6.684080333329542,6714,5
0d99f8e4,Extra Trees Optimized,9.223508982131333,7.29125101338033,7522,4
0dc5e64d,Random Forest,206.1399883240946,182.3688394766842,6191,1
0dc835f3,Extra Trees Optimized,88.31198900622428,79.81231565633944,5279,2
0dd99dc5,Linear Regression,18.236386720723406,13.70858136650185,9182,2
0e5e560d,Extra Trees Optimized,151.04957393964543,133.09754796000453,4896,2
109d9d70,XGBoost Optimized,32.41536753105379,27.378422999273717,5851,4
10a1281a,Linear Regression,49.39430518660774,47.39491090070879,7353,5
10b89021,Linear Regression,23.179581150846197,17.764927936985536,7166,3
10be2420,Extra Trees Optimized,7.258342683206349,5.42748583724683,5203,2
113011eb,Extra Trees Optimized,11.06410202438412,8.970956461470765,4561,2
1131525f,Linear Regression,7.3262045687910575,6.007693086468652,5548,5
11d0f5ac,Extra Trees Optimized,8.607792711705558,7.142578827800608,6378,3
12203f2a,Random Forest,45.47148762034651,33.00350856047738,4991,1
122bd617,Extra Trees Optimized,13.98461714538219,10.933120916374774,6408,3
125be846,Random Forest,20.867348345431775,14.187902248454916,8033,1
1285a37b,XGBoost Optimized,64.66754620160414,55.79603799241029,7403,5
1295a25b,Extra Trees Optimized,12.041568036766842,10.77676032128757,7037,1
12f0cd90,XGBoost Optimized,17.447854985280497,15.681786461487484,7431,5
137d1e44,Extra Trees Optimized,12.95734595204865,9.944696770717258,6313,5
13ce113d,Linear Regression,129.89257891459,127.83832553300653,4875,1
13f598d9,Extra Trees Optimized,10.578036184711598,6.957182070142316,8934,2
14a53cb3,Extra Trees Optimized,8.614701334699975,7.6000788451639565,8780,3
14ab73fb,XGBoost Optimized,12.198372351155871,9.735556272494781,5279,3
14ad5efb,XGBoost Optimized,19.546345629662532,18.07931802677003,7352,2
14fee784,Extra Trees Optimized,11.688995785541431,9.088824934680646,6406,1
153552f5,Extra Trees Optimized,10.557506957412635,8.313492270618752,6498,5
1550491d,Extra Trees Optimized,8.695732679168385,7.080854303311644,5929,4
155887bb,Linear Regression,25.09444355697569,22.79307789739135,7062,4
1590af81,Extra Trees Optimized,18.058908993723318,16.019656474122794,5231,1
15e154a1,Extra Trees Optimized,2.707538062532552,2.0525887064519135,7699,4
1619e2ca,Extra Trees Optimized,219.7050846855144,204.47251139278097,6002,4
16e4a047,Extra Trees Optimized,6.993273123873071,5.978092016077116,5684,5
173ed841,XGBoost Optimized,30.59386627659349,24.27556163859118,6530,3
1770d7c6,Extra Trees Optimized,11.093587878281745,9.176318059285821,9121,2
177622d7,Linear Regression,30.863935688179186,26.671081577732824,4699,5
18d24f7b,Extra Trees Optimized,3.219379971410664,2.722884178192367,6260,5
19137a89,Extra Trees Optimized,19.01415337522982,17.040209867292912,7958,3
1944513c,Extra Trees Optimized,23.91921008997074,20.88088880449148,6599,2
197f8a5a,Extra Trees Optimized,11.481376686622065,8.361117773869402,8248,4
19871e7f,Extra Trees Optimized,21.14543513670393,16.850197681068057,7152,2
198a5607,Extra Trees Optimized,12.91290221386769,9.678031579586829,8094,4
19fb4f7b,Linear Regression,65.89716267896114,61.676438810226465,7923,5
1a518997,Extra Trees Optimized,4.943284692739257,4.069354863846615,6544,4
1a68190b,Extra Trees Optimized,5.390785149006439,3.8824251254456184,6502,1
1a730ac2,Random Forest,12.331292497484798,9.81995467745816,6049,2
1aaf1da0,XGBoost Optimized,27.50497092274549,23.21761815772812,6321,3
1b08ed48,Extra Trees Optimized,8.653408898169136,6.926630371666314,7175,5
1b1c5372,Extra Trees Optimized,10.776170504847308,8.252879351028776,5792,5
1b1eba53,Extra Trees Optimized,12.369166578061778,10.902179091445706,6710,2
1b6ba517,Extra Trees Optimized,6.413404168178714,5.766148433576011,8611,3
1b82b665,Extra Trees Optimized,30.404167492339838,26.04980525612822,5364,1
1bcb2fcf,XGBoost Optimized,83.09978727659393,71.24882645593166,6202,4
1beca81d,Extra Trees Optimized,35.815905423414705,32.29810530926576,6650,1
1d3fbf02,Random Forest,19.370456683393737,13.808580349448988,4252,3
1d78281a,Extra Trees Optimized,3.831327575020537,3.0228910952299377,6810,1
1e30dedf,Linear Regression,40.81393636378143,33.56185888946075,5474,1
1e5e3573,Extra Trees Optimized,21.934749821796064,19.896426304097506,7126,1
1f9afacb,Extra Trees Optimized,4.46350618071874,3.596293531811905,7054,5
1fdbba44,Extra Trees Optimized,11.847313750310267,8.533252341172735,6333,4
1fee2b62,Linear Regression,222.4497782754761,221.71097550668642,6323,2
20096916,XGBoost Optimized,24.450638106748524,17.16237979764711,6880,1
200d233d,Extra Trees Optimized,14.20644584546237,13.071951459664437,5896,3
201661b5,Extra Trees Optimized,45.01093194840717,37.78216736624751,8136,1
203721ab,Extra Trees Optimized,9.154705871415267,6.95898121457553,7235,2
20402d71,Extra Trees Optimized,3.1868163648195664,2.1564574195275528,7930,4
2043abc5,Random Forest,30.830171843824726,24.346254047074872,8513,5
204cc64b,Extra Trees Optimized,11.010360729780631,8.265857709467891,6454,2
206b6193,XGBoost Optimized,95.24109920889633,78.4687416066688,8568,2
2075c696,Extra Trees Optimized,56.89317761046411,48.0726648808616,5580,3
22c5f93f,Random Forest,12.426243138461638,9.06502303824323,6919,1
230eaaa3,Extra Trees Optimized,27.303481258771495,19.019178897908244,6451,4
2364716c,Extra Trees Optimized,8.331239793036064,6.056024994124395,6093,4
23b9beb0,Extra Trees Optimized,7.711873298677304,5.608298502965974,8790,4
24d8997e,Extra Trees Optimized,2.419313715884866,1.7992044390747421,5188,1
25050f63,Extra Trees Optimized,11.375397859613365,9.337049524905304,7155,5
25939962,Extra Trees Optimized,49.499447298959865,38.798318593468395,6071,5
25fd32b3,Extra Trees Optimized,16.650189617508463,14.491404549943164,4546,1
261785ee,Extra Trees Optimized,48.38981725186791,43.12777524980203,5512,1
264feceb,Random Forest,5.701885949292627,4.353468027264661,7408,2
26623a50,Random Forest,38.883090890898366,26.909885756069972,7479,2
26d3a96a,Extra Trees Optimized,14.600751537526067,11.995049460874357,6465,5
272abef3,Extra Trees Optimized,51.586475776280224,29.99899351524351,5682,4
27300fd5,Extra Trees Optimized,47.575762243774406,42.46531818896242,7386,3
276b012a,Extra Trees Optimized,27.165043027486863,24.58590468077081,6291,4
27c3155b,Extra Trees Optimized,7.605527252532993,6.444833698021818,6941,4
27ebb9b9,Extra Trees Optimized,53.04911101782889,47.35928653030704,7651,1
283269ac,Random Forest,14.442468134832328,11.838501797035674,4567,5
28473855,Extra Trees Optimized,23.01270714225258,17.838683292915945,6620,5
28f4eda9,Extra Trees Optimized,5.138037588454493,3.923515754755493,6824,4
29b24409,Extra Trees Optimized,5.293305346531191,4.274192348851192,7417,4
29de15c8,XGBoost Optimized,88.13705665099256,74.05681133811011,5164,5
2ab29395,Extra Trees Optimized,10.873303153995455,9.859476665874809,3325,4
2ac7cb6b,Linear Regression,11.188950073967838,8.602556621546617,6451,5
2acc78d4,Extra Trees Optimized,28.896314028719086,22.608325398104867,6109,3
2b034622,Extra Trees Optimized,6.553338683378229,5.576545570221487,6761,1
2b06ad65,Extra Trees Optimized,4.651721157974181,3.908635680242586,5706,1
2b547943,Extra Trees Optimized,13.332457381852448,10.187218797176257,5131,2
2be5c96a,XGBoost Optimized,52.224351859350634,42.895893732074654,5753,5
2bff06cf,Random Forest,38.56394371740786,30.80877816200142,9174,5
2c0c4a4e,Extra Trees Optimized,5.381585409891468,3.814634272744683,6719,1
2cee0cba,Extra Trees Optimized,78.43263750793355,72.200281605528,7335,3
2d0c268a,Extra Trees Optimized,33.911097241471964,23.412424368498286,6289,4
2d179ded,Extra Trees Optimized,5.793752027791001,4.635635297392277,9225,3
2d196986,Extra Trees Optimized,6.066127355782442,4.374600748686076,8316,3
2d2d0c6b,Extra Trees Optimized,15.669804542752741,11.504824007410814,6967,5
2d35f86d,Random Forest,13.944698946462422,12.076394448447104,6628,3
2d9f6cb9,Extra Trees Optimized,7.629064806638818,6.628978683227401,8627,2
2ddad940,Extra Trees Optimized,13.179675312469978,10.727216385309482,6812,3
2e29e833,Random Forest,18.08485278004361,15.347237638002365,7254,1
2e43c2ea,Extra Trees Optimized,6.125816259497113,5.104889341132558,7349,4
2e63d9de,Linear Regression,22.290186348187227,15.53085305456579,6505,1
2ee0235b,Linear Regression,13.343326942975015,10.912589281446154,7256,4
2f19d536,Extra Trees Optimized,37.365232828458026,26.051461400551517,4744,3
2f8e53c3,Random Forest,4.512201450955015,3.1783740753361447,4133,4
2fa01aa6,Extra Trees Optimized,20.462353618529498,17.352347034024106,3860,2
2fd68f7b,XGBoost Optimized,36.688744190960904,25.50435287621446,6381,2
2fe023be,Extra Trees Optimized,14.34631330024347,12.759627543966893,6060,3
30d75030,Extra Trees Optimized,43.86119147905674,31.342709425169737,5009,3
310c71a5,Linear Regression,9.470132298940188,8.299292086030858,6988,4
32fe84c9,Linear Regression,56.41751766556276,51.61713607347535,8163,5
33c40295,Extra Trees Optimized,7.897532260365782,6.219311550707115,5989,2
3407f5bf,Extra Trees Optimized,7.402663611540092,5.006821795926371,5309,5
3417285d,Linear Regression,19.922132846397723,16.90827053031218,7458,1
347242c8,Extra Trees Optimized,79.41537713452435,62.052123441125836,5437,3
353e5502,Linear Regression,51.43247303999894,50.22628491866592,7901,3
357c12f9,Extra Trees Optimized,20.8285141777753,16.629510448584004,5770,1
3584a6eb,Extra Trees Optimized,3.872273166535063,3.294775655933564,6150,4
35b30c7f,Linear Regression,66.98329927515098,61.448069554962444,11270,3
35b3ef6a,Linear Regression,16.84216157802783,15.089776703844784,5736,4
367456ce,XGBoost Optimized,22.42148204403189,17.422105838433282,7312,5
368131f9,Random Forest,18.71374230157375,13.326893379662916,6568,1
368fe682,Linear Regression,7.69572011180096,6.362204515329508,6416,5
3690a146,Extra Trees Optimized,3.1451205003894698,2.519143816556443,5761,4
37344c2a,Linear Regression,23.537035403921823,16.646480704782217,6943,3
373ef48b,Random Forest,7.251993648948171,5.220389954123771,4992,5
374be387,Extra Trees Optimized,24.511023578662645,18.762935153460695,11802,2
37d36812,XGBoost Optimized,28.611228638008445,24.85739939312583,6017,5
38991fd4,Random Forest,6.996680681149734,5.292766362623609,6545,5
389ae58f,Linear Regression,30.037547089096662,21.619869219011758,8201,4
3932faa6,Extra Trees Optimized,8.14004796978209,5.87714669250583,7388,4
398dce4b,Extra Trees Optimized,4.541199487032072,3.1092282456418716,5005,2
39b51819,Linear Regression,19.841499755625417,18.316590107484608,6382,5
3a0af893,Linear Regression,86.00333794132993,82.23376310026275,4580,1
3a223519,Extra Trees Optimized,10.07105745854734,7.112459883861043,6581,2
3a7dd95d,Linear Regression,206.83270254005373,206.2995559753938,4320,4
3a824aa7,Extra Trees Optimized,6.385326719071169,5.769215781280996,5678,5
3a86fe8d,Linear Regression,16.32513243352884,14.930969735212813,6572,2
3aaa2b30,Random Forest,24.72148906901252,20.09462874019503,6396,4
3ac16ad0,Extra Trees Optimized,4.898490597198808,3.515947487606862,7412,1
3b21ea64,Linear Regression,26.87072152134429,22.373239885152206,9103,1
3bbe1f5d,Extra Trees Optimized,5.3157270899284015,4.277611505922363,8184,3
3bfee975,XGBoost Optimized,26.381605176072796,25.031116029751246,5088,5
3c3dbcbc,Random Forest,14.56143119629899,10.9182690249489,6911,5
3d96d897,Extra Trees Optimized,5.231181220667118,4.47564145704605,7147,2
3df4b19e,Extra Trees Optimized,6.5940387610213325,5.730879688947302,6658,4
3e011332,Extra Trees Optimized,6.507822504132945,5.092722664998065,4842,4
3e678ea7,Random Forest,24.690244089143373,19.461255143901724,8737,4
3ef6372a,Extra Trees Optimized,6.059772006381855,4.9271363140409195,6666,3
3ef98781,Random Forest,13.36329771022866,9.773525208880066,5343,3
3f603129,Extra Trees Optimized,9.292411861061368,6.901861185734585,6599,1
404c4384,Extra Trees Optimized,1.7576917967231287,1.496223928196552,2612,4
4121c517,Random Forest,42.6425833697434,27.80187890137482,5471,2
41fb0192,Extra Trees Optimized,7.321417370877852,5.425479144898931,4381,2
42669188,Extra Trees Optimized,13.273778935796312,9.399359053812548,6080,4
42c538a1,Linear Regression,113.01070437683298,109.80774924325264,4762,1
43b06c70,Random Forest,12.934801937562026,9.332997105332561,6590,1
43c7f85a,Extra Trees Optimized,2.5914296920538593,1.8546301788138035,7484,4
43e16325,Linear Regression,89.04481795453226,84.09637179823706,5845,5
44441e54,Extra Trees Optimized,16.071704747010436,12.009399984149395,5568,4
445af6c2,Extra Trees Optimized,6.108023565415419,5.170497827437987,7998,5
4463446c,Random Forest,191.68833200332264,159.12914318856556,4729,4
44a94013,Extra Trees Optimized,17.84223567687965,14.077053775213846,6492,2
45fb3e21,Extra Trees Optimized,22.11657879598446,17.993003047617982,5626,1
460f859e,XGBoost Optimized,13.42504629801025,10.930222629591515,4982,3
4630ab92,Linear Regression,72.80430651875736,72.27039216175092,5307,5
463c38f2,Extra Trees Optimized,5.951212772449213,4.848183258507974,6048,3
4654e7de,Extra Trees Optimized,11.59839238017676,9.841184552367778,7010,5
466fc788,Extra Trees Optimized,10.757560140546174,9.61631321198886,7767,2
46a301e9,Linear Regression,58.57324471090949,55.92609195025624,9962,2
46a7190b,Extra Trees Optimized,6.6144139166411335,4.809819101253969,5646,5
46d24a09,Extra Trees Optimized,7.263824181392053,6.052599457731691,6123,5
46d41ff6,Random Forest,17.13432171484405,12.054529428174126,9226,5
46dfcfca,Extra Trees Optimized,4.341451817971043,3.378199038652981,4921,1
47222616,Extra Trees Optimized,8.404162953692802,6.435038359180827,5835,3
47ee27ab,XGBoost Optimized,35.69310185514192,24.236027267268035,8274,3
481de5fc,Extra Trees Optimized,6.398078623074536,4.26445904664734,7694,2
48c1f673,Extra Trees Optimized,17.397154268855232,12.3570149295483,4666,4
4936af16,XGBoost Optimized,28.99061583658905,24.9521411576384,5559,2
493b5b31,Extra Trees Optimized,16.28979389099481,12.544467936223075,6884,4
49dbc14c,Extra Trees Optimized,5.603748426711065,3.56558331197794,5198,2
4a035ec2,Extra Trees Optimized,12.654303611769917,9.67934784668764,4522,3
4a335117,Extra Trees Optimized,26.10813050882264,23.662143742472033,6727,3
4a8ecc0b,Extra Trees Optimized,60.95059151935671,49.25655827597564,7374,2
4b462989,Extra Trees Optimized,10.109749494273098,7.395707987462723,4738,2
4b831d20,Extra Trees Optimized,12.800716886518913,6.285885355643154,9433,1
4c2208f5,Extra Trees Optimized,11.796846793635543,9.581057781508694,7248,1
4c3168cf,Extra Trees Optimized,40.63270991355527,34.604675784390516,5959,5
4c3df468,Random Forest,18.114908360020813,13.394049178040373,6903,3
4caa7289,Random Forest,6.117963938134187,4.795670023375945,6854,1
4cd1ac61,XGBoost Optimized,37.36494073229061,29.029572996627675,6709,1
4cecf7b3,Extra Trees Optimized,30.252884284275343,19.96459022595477,7676,5
4ddde4c1,Extra Trees Optimized,10.837520600807366,8.47356785285212,6417,4
4e050c92,Extra Trees Optimized,3.2927167854740707,2.5226660680961897,5236,4
4ed93db6,Extra Trees Optimized,4.738865262238056,3.740124888291743,6496,4
4f3eb9e9,XGBoost Optimized,15.412351272957382,11.990212910780738,5911,2
4f4ac5ce,Linear Regression,50.17910684810383,49.83299724831188,6899,5
4f4afcc6,Linear Regression,10.31608957514096,8.738470445486866,7184,1
4f69febf,Extra Trees Optimized,3.9989428738787045,2.23687623372029,7599,4
4fbe9c06,Extra Trees Optimized,5.397993153702051,4.0806235833871245,7938,1
504c8b08,Extra Trees Optimized,5.090068775259614,4.217585271840963,8012,2
511e1db0,Extra Trees Optimized,113.78713229005966,72.66696665268935,5645,2
512943b2,XGBoost Optimized,7.574779412879639,6.4448396630837985,6681,2
5138a660,Extra Trees Optimized,21.178811508167687,19.550514314246016,4829,3
516088b7,Random Forest,38.00524829904297,30.664538313487014,8300,1
521a7819,Extra Trees Optimized,5.625245526806002,3.85835492404324,7224,4
5254b6db,Extra Trees Optimized,5.056903400272016,4.2310688717838,5115,3
529e88ca,Random Forest,12.629609498547147,9.632479011237,5253,2
52f1e77a,Extra Trees Optimized,7.199319289000959,5.885498157507872,6053,5
5305524b,Extra Trees Optimized,4.769907273011692,3.3604955785806485,6457,1
53134831,XGBoost Optimized,22.379775786557087,16.643738217355107,7214,5
5397ceb1,XGBoost Optimized,114.37459947323832,95.07651950314737,6811,2
53f23031,Extra Trees Optimized,5.69759357195573,3.693553854755611,10200,1
543198e8,Random Forest,23.640772497391318,16.976948519509424,8311,5
54753541,Extra Trees Optimized,16.86070642018789,13.614432152493476,5679,3
54a7e3c2,Random Forest,12.374325346274064,9.193172509490008,7893,1
5542c301,Extra Trees Optimized,6.021564581515707,4.319269859046827,5433,1
5567d551,Linear Regression,6.203941179393751,5.18240630896866,8390,5
55efee7f,XGBoost Optimized,7.638849871192214,5.786601633771083,6577,4
5663b2b7,Extra Trees Optimized,2.8503720891777937,1.5139256696512389,6907,3
5693dde2,Extra Trees Optimized,97.57717790105481,89.04136067855237,4846,1
56b00794,Linear Regression,12.98873737086307,10.182331787457592,7293,1
57796579,Extra Trees Optimized,9.524880735997188,7.796479114233189,7622,5
577eec7c,Random Forest,12.172008066375245,9.960748129686097,6085,2
57f05c51,Extra Trees Optimized,3.347353874613086,2.6516280412492272,6478,3
58850d2c,Extra Trees Optimized,21.962964070325476,11.841617663729489,6918,2
58fa8486,Extra Trees Optimized,7.660977175164717,4.091542068677916,6126,4
591cc951,Random Forest,6.422939552871043,4.758473704803255,6669,4
593876b6,Extra Trees Optimized,29.901059387091507,14.159982940912348,6366,4
59f8b2e8,XGBoost Optimized,30.78255991730872,22.564805321541957,5668,1
5a1a8fd8,Extra Trees Optimized,23.679183556210578,18.687823372365877,6814,1
5a5269a9,Random Forest,22.61636734742457,16.226278999283327,8053,2
5a5d1982,Extra Trees Optimized,4.048315251663907,2.9108158341071952,5446,1
5a63b5d1,XGBoost Optimized,30.19714220919083,27.461003132956247,8052,5
5aa03df7,Extra Trees Optimized,34.78451538420978,32.12408308072942,6752,4
5aa403d0,Extra Trees Optimized,9.846069427029535,6.315690747261227,4702,4
5aef5c6c,Extra Trees Optimized,111.20473890091077,80.52421854470504,4853,2
5b7b6324,Extra Trees Optimized,121.42128099545533,116.02396407336461,8197,1
5bd25f59,Linear Regression,27.694546992564735,20.57626697018611,6120,1
5beded95,Extra Trees Optimized,7.532420222886813,5.024211858414981,4779,1
5cb483ac,Extra Trees Optimized,10.728593944931763,8.59905612563777,5206,4
5cdd8dbc,Extra Trees Optimized,7.742568093851939,5.946999492979515,5751,1
5d11dfb5,Extra Trees Optimized,25.47025531026048,23.63397265372354,7643,3
5d7198fd,Linear Regression,26.571416600412988,25.340537394669987,4797,4
5def1ce5,XGBoost Optimized,13.915409681486256,9.311954458507847,7997,1
5eae34a8,XGBoost Optimized,117.49022254284226,100.88479113424516,6652,1
5f4d2a52,Extra Trees Optimized,97.43264700406806,71.44645797932274,7112,5
5f6756c5,Linear Regression,136.37826180268027,135.64946665366665,8064,4
5f75f796,XGBoost Optimized,14.139563893059174,11.020488766597904,7324,2
5fb1c15f,Extra Trees Optimized,17.20780558989724,13.064502286448826,4857,3
5fffa282,Extra Trees Optimized,20.475216733819597,18.698191658209534,6223,2
60e37807,Extra Trees Optimized,5.526297689542807,3.1837093272259454,4641,2
61f27424,Extra Trees Optimized,8.49477912680523,6.851078083887431,8341,3
62569ae3,Linear Regression,18.766979617719056,17.86967226840672,5242,1
62a6f539,Extra Trees Optimized,5.531074937085056,4.133903638585396,5253,5
633774dc,Extra Trees Optimized,19.284727390405276,14.593364219990363,7972,2
63559d57,Extra Trees Optimized,12.922007689566952,10.538204931559633,5810,3
647f2a41,Extra Trees Optimized,16.888042441331628,13.99726437469352,5836,2
65156b96,Random Forest,33.066254006759216,29.01104428330189,5046,2
653612bc,Linear Regression,34.111284503095895,26.597311107711125,5946,3
656a067b,XGBoost Optimized,21.06937163563221,17.32696978400734,4896,2
65a5466a,XGBoost Optimized,16.64944586028134,12.739653948524573,6117,2
660d9546,Linear Regression,19.138745707543723,15.17932978206809,6140,2
6767c111,Extra Trees Optimized,19.077635929539845,13.961412581811102,8354,2
67847288,Extra Trees Optimized,5.323845501811986,3.7364151225136224,9174,4
67a8da4a,XGBoost Optimized,11.94743650165114,9.423945929740425,6645,5
684a6fc1,Random Forest,4.413790468629097,3.0282227105114923,11449,5
698930d1,Extra Trees Optimized,22.714240689088562,17.65821547446855,6498,2
699ea575,Extra Trees Optimized,4.487325771403302,3.7017881015324408,5474,4
69c1bdad,Extra Trees Optimized,16.240156936177502,12.074366838036658,4645,2
69e41fa6,Extra Trees Optimized,19.100695437939187,15.700718403472465,7167,3
6a0ff78e,Extra Trees Optimized,6.375535356359945,4.435127421799758,7890,2
6a8fa194,XGBoost Optimized,45.56674203577463,27.077732521271784,4657,5
6ae68655,Extra Trees Optimized,10.829262491256898,6.750886731851685,5948,5
6d1d74e1,XGBoost Optimized,14.929691475000853,11.355118639796242,7316,1
6d590e26,Linear Regression,120.88087120974808,120.79654090323368,7842,2
6d6d93af,Extra Trees Optimized,58.59571672781627,52.338927792597545,5305,3
6dbe4b60,XGBoost Optimized,24.558509874183557,23.094934958274138,6673,2
6e6d122c,Linear Regression,25.779064891215377,25.305087798957675,7083,3
6e9ccd38,Extra Trees Optimized,10.188724321231735,6.844920634317344,9619,5
6ea22614,XGBoost Optimized,19.06690703283456,15.208985582404246,7894,1
6ede926a,Random Forest,7.074482075459441,5.269071714072137,6621,2
708caea9,Extra Trees Optimized,11.14885473552382,8.712032030607526,8482,4
70925e23,XGBoost Optimized,19.403894231967296,15.478898889486866,8072,3
70e1788b,Linear Regression,24.256397324383002,22.255327453647563,11338,4
71642c7d,Linear Regression,21.776679682722744,19.62404273632388,6657,5
71ccf778,Extra Trees Optimized,12.850957195768943,10.197582450790215,4623,5
7224331b,Extra Trees Optimized,16.248248363132983,14.795099441183615,7566,5
722cf0d8,Extra Trees Optimized,10.556395760901491,8.697774505873479,7275,3
7256229b,XGBoost Optimized,19.081327405466443,13.736173247678211,6972,2
726f3dc2,Extra Trees Optimized,12.607486513931038,10.755771400833616,8619,5
7271dd80,Random Forest,6.538694849909088,3.7343488768068176,5765,2
727a3a10,Extra Trees Optimized,5.581600001501842,4.123164512869809,6342,3
729665c0,Random Forest,30.708622654503564,25.74780048002361,5775,5
729e9750,XGBoost Optimized,6.593166518638785,5.272217263657886,7427,1
729f4217,Extra Trees Optimized,8.459628628047211,6.090692662663001,7592,1
72dd8501,Extra Trees Optimized,20.698171612728768,17.033056743093205,6928,3
73348914,Extra Trees Optimized,29.133736114998484,23.87328226422371,5686,2
739a914f,Random Forest,72.35008998322172,37.07083613834004,7319,2
73b1447d,Extra Trees Optimized,16.7957813960712,12.86772402224881,7522,1
74b6186b,Extra Trees Optimized,10.651290808009843,8.884128303700248,5148,3
75c20ec7,Linear Regression,29.657107602438934,27.903417536106645,7205,3
75cd5f11,Linear Regression,7.383717099606123,4.607015316188405,6410,1
75d20a82,Extra Trees Optimized,4.192737037916987,2.1790135737832794,7002,2
76201745,Extra Trees Optimized,19.169774828977772,13.438993547653562,5858,4
764072a5,XGBoost Optimized,10.06758870468454,8.06459581281283,4594,1
77b0d905,Extra Trees Optimized,4.885566411887988,3.779493708565539,5923,5
77e4821c,Extra Trees Optimized,26.972356446072464,20.91150433988318,6540,4
7850c72e,Linear Regression,46.47492645028779,34.65425166542973,7712,5
78a4a386,Extra Trees Optimized,12.014083050133225,9.587451498287908,6246,1
79507629,Extra Trees Optimized,9.877902662054462,8.094418224800757,7320,1
796dbd4c,XGBoost Optimized,15.402920912086675,12.22829788871769,8069,3
7987f2f2,XGBoost Optimized,41.70549214897762,33.88368648412898,5714,2
7993a768,XGBoost Optimized,13.686669009299958,11.304021353279893,7047,4
7a5660b0,Linear Regression,19.80454303517919,16.341856990068962,6936,4
7acda2df,Extra Trees Optimized,8.774374452964546,5.835283600533962,4552,4
7b2c7b3c,Extra Trees Optimized,7.3120865186739685,5.842192430701533,4231,1
7b38844c,Extra Trees Optimized,29.19667569035421,22.773916949557126,5197,3
7bb17b96,Extra Trees Optimized,10.484500314588727,8.80489888795586,5295,1
7c607683,Extra Trees Optimized,3.1295239544444233,2.2053238422725263,7001,3
7cbbd047,Extra Trees Optimized,48.87093655146371,41.70278857543785,6790,4
7cd4bb31,Extra Trees Optimized,3.4049283233875403,2.6637107731732623,7959,4
7d50373e,Extra Trees Optimized,8.447839501884568,6.30664478450231,6494,1
7d57c75d,XGBoost Optimized,25.529980263435085,21.230974961109137,6147,5
7e208414,Extra Trees Optimized,56.84644944145086,47.39284703966428,5732,3
7e721392,XGBoost Optimized,20.966839129024862,13.815220577716616,8301,4
7ff89f8f,Extra Trees Optimized,10.227443295850549,6.891767890664454,9539,3
8050c789,Extra Trees Optimized,14.965755688648679,12.371844539897085,4940,4
807f0298,Random Forest,16.826978095112658,12.364471702855788,5499,5
811f52b3,Extra Trees Optimized,6.555508174100236,5.249487809792016,6674,1
81bf5923,Extra Trees Optimized,11.706281971977475,10.25580071234877,6386,2
81fc01c6,Linear Regression,12.680176886890198,11.061239802525561,7655,2
8255c867,Extra Trees Optimized,8.45463257953307,7.133442192581804,5338,2
82aab6d2,Linear Regression,16.083863241099525,11.699908475706858,7889,4
82fcf37c,Extra Trees Optimized,2.2984471017666332,1.7589044029509162,7397,2
833af382,Extra Trees Optimized,15.645703669035518,13.06140925315301,5377,5
8382f4b6,Extra Trees Optimized,28.726353729636184,25.191346378745884,6680,5
84633df4,Extra Trees Optimized,10.826855634228398,9.113681400893716,6719,1
8478df29,Extra Trees Optimized,18.751828985050338,15.41446855218511,6698,4
84815d5a,Random Forest,44.151705939295525,35.51886928020325,5286,5
84c3b497,XGBoost Optimized,32.45993902116126,23.774818288759718,6887,4
85380836,XGBoost Optimized,7.269959255735639,5.795973251146716,8175,3
8612b37f,Random Forest,11.562441785442807,9.023678498127271,6807,3
861e71df,XGBoost Optimized,19.595886514955748,17.30508833197419,6284,1
86454a6f,Random Forest,50.49287647992144,34.48730651339799,9100,5
8648abae,Linear Regression,55.032287007772226,54.191113373958125,6086,3
865033f8,Extra Trees Optimized,4.869508432120307,3.929966898114854,5303,4
87695469,Extra Trees Optimized,83.46894369047416,50.48146491931462,8654,1
877ed19c,Linear Regression,317.96947384639265,317.32962940289747,5631,4
87aa3730,Extra Trees Optimized,7.98525768187792,7.136420452883482,7293,5
884ecb5f,Extra Trees Optimized,8.811436809648825,6.291619346589328,8054,1
8902c3f6,Random Forest,6.280882861823618,5.021314557120072,6533,2
896d15b9,XGBoost Optimized,98.11713156261858,86.40143431631712,5698,1
8995c945,Extra Trees Optimized,25.059374965042444,22.135027552481482,8198,5
89969c7a,Extra Trees Optimized,34.19427071612887,26.1927674268177,6317,2
89f1085d,XGBoost Optimized,97.3640437109078,81.9170794724141,7497,3
89f36adf,Extra Trees Optimized,58.42182218862878,52.61227940875491,7041,2
89fdb2f2,Extra Trees Optimized,4.157096552545613,3.784306004266545,3570,3
8a3da6d1,Random Forest,54.80899315304978,47.13155744422249,6334,1
8a89da23,Linear Regression,7.808989540339127,6.1596014250837685,5575,1
8a9c8932,Random Forest,16.895685912046233,9.89965650222166,6344,3
8ac2f237,Extra Trees Optimized,14.832853135973975,12.483507077302823,6775,2
8b12bab6,XGBoost Optimized,12.92930105718398,10.584627020281113,6980,1
8b5be31b,Random Forest,26.47462344747376,15.000787158964737,7439,2
8b95d6d1,Random Forest,2.2036360714919736,1.212574928774667,2783,5
8b9d8326,XGBoost Optimized,49.5801548865984,41.666129775081274,7832,5
8bb9c1e6,Linear Regression,8.948641172498268,7.973506922263552,6382,1
8bda1a11,Extra Trees Optimized,6.469538895652698,5.207622028198964,7438,3
8bfa881d,Extra Trees Optimized,33.94896916481977,30.18284323113558,5843,1
8c167025,XGBoost Optimized,62.36396609530898,47.58264517323028,7113,4
8c8348e8,Extra Trees Optimized,36.04317980117374,31.223057624756006,5581,2
8cc21f01,Extra Trees Optimized,55.79954187892005,40.493143045442004,5806,4
8cc800b3,Linear Regression,99.00034072406164,94.07012170805062,8091,5
8d5d46d7,Extra Trees Optimized,11.163958031675017,10.079480329016361,7282,2
8d92cb49,Extra Trees Optimized,12.146008950326006,10.536586570456304,4839,5
8f201368,Extra Trees Optimized,5.9207329595625655,4.772525904969493,8151,2
90386ee4,Extra Trees Optimized,4.168680235389912,2.9098702126182636,5304,2
91abc4c7,Extra Trees Optimized,50.40310953419909,35.395347134242265,7787,3
91b301ce,Random Forest,35.113004425199044,20.9954529996056,8512,3
91db7070,Linear Regression,104.26055146229426,102.4280071165838,5646,5
925a7cd1,XGBoost Optimized,26.496172542964846,21.30803697868606,6501,3
9283ae69,Random Forest,39.0654376543655,24.45979297272746,5118,2
9298ad5b,Linear Regression,27.196850775250283,26.0264177759639,5807,1
9314ff13,XGBoost Optimized,30.215643684466468,25.31580371050279,4494,5
93209a3d,XGBoost Optimized,31.606858970893676,25.093386030505847,6300,1
939d9c34,Random Forest,74.66579559607528,55.168054584981384,6627,4
93f5d2e6,Extra Trees Optimized,7.47661373401279,5.662863511319543,5171,5
940a48d9,XGBoost Optimized,22.258846348106783,18.03147709980889,5627,4
940e709a,Random Forest,22.954920658565324,20.46647658371173,4989,2
9426ec1e,Extra Trees Optimized,9.692705236568601,9.047295780116722,3923,4
94467f50,Linear Regression,11.275519626915534,9.552955605312711,5116,1
944f36b9,XGBoost Optimized,15.079040376217543,12.573398864695573,6035,2
94d813a4,XGBoost Optimized,20.394372818445238,15.662016350421073,6591,5
95b559e7,Random Forest,12.469310491520167,9.24432817119632,4638,4
95c8427f,Extra Trees Optimized,6.872976985830094,5.654956505082381,8051,3
96936c22,Extra Trees Optimized,6.514569594170022,4.468395158844212,4997,5
96ae5806,Linear Regression,106.1477267310587,105.72899937349713,11527,5
96b7eea1,Extra Trees Optimized,27.325954067692383,24.00490004850154,6078,1
9719aa04,Extra Trees Optimized,10.569307491686962,6.69186754207622,6665,1
974802e7,Extra Trees Optimized,18.079599443318067,12.541436690677534,7537,3
97cd5bf9,Extra Trees Optimized,10.785461137645619,6.917680811103853,5099,1
98177ced,Extra Trees Optimized,17.20751726837042,10.996626019946374,6789,5
9896fc0b,XGBoost Optimized,24.982040163902013,19.32997048713052,5109,4
98bc6f66,Extra Trees Optimized,5.387786972986726,4.459578482158722,7720,5
992c99e8,Extra Trees Optimized,8.931567450752791,7.546919066831643,6740,2
992ce078,Extra Trees Optimized,8.148016252361286,6.023449649968398,4661,1
99529c45,Extra Trees Optimized,40.87767136888523,29.336119246985838,7591,4
995ff498,Extra Trees Optimized,6.92644484600321,5.906390048940794,6127,3
999daf80,XGBoost Optimized,19.336537496710466,17.24700298193593,5439,2
9a6b0392,Extra Trees Optimized,56.793779112259486,48.691589886303014,5802,3
9a8ae0d6,Extra Trees Optimized,27.929644475933497,22.98679119476268,7835,1
9a95e33f,XGBoost Optimized,42.54195155842088,35.051034289365305,8156,4
9ab94eeb,Linear Regression,29.445096768027874,26.422912571553773,6372,5
9ad5410a,Random Forest,15.521421757760082,13.611531889075142,5749,1
9ae248be,Extra Trees Optimized,20.018960096437212,16.99654703454281,6655,2
9af1ffd0,XGBoost Optimized,14.732125769869734,11.372726689986598,5454,5
9b5b61c1,Extra Trees Optimized,18.433857970128113,14.955932172738278,7215,1
9b9e3b49,Random Forest,50.28566776018177,37.4341876726885,6875,2
9bd2bba3,Extra Trees Optimized,2.763335280136868,2.2702680248421228,9092,3
9c211c53,Extra Trees Optimized,24.677803384803102,17.625080607162158,8842,1
9c350a6a,Linear Regression,159.04029925134205,157.92836594877826,7794,3
9c8375f7,Extra Trees Optimized,6.434399395808155,5.70975194251097,5432,2
9d072e4c,Extra Trees Optimized,44.64327795439839,37.11591006508752,6798,2
9d3ec64c,Linear Regression,104.50236721507126,102.22401622020075,4937,5
9d4272e3,Extra Trees Optimized,15.952302761853142,14.034162922075906,5771,3
9d5e14d4,Extra Trees Optimized,8.568729242790106,6.887269160834567,6565,3
9da441ba,XGBoost Optimized,11.014889264266026,9.008747302150457,7283,2
9dede370,Linear Regression,20.543058235786305,13.045627354955526,8057,5
9def2eb2,XGBoost Optimized,29.853890348365915,26.328026134072683,7750,1
9df1b1f9,Linear Regression,77.85566616061661,75.29994531352564,6444,3
9dfff011,Random Forest,19.701115611205722,16.025191462488202,6067,1
9e3e364d,Random Forest,80.47648183112297,58.89536969603897,5809,2
9efc812e,Extra Trees Optimized,10.039698730664698,8.831701612956556,6100,2
9f0c7bae,Extra Trees Optimized,3.4047827072574224,2.8589328497627218,4040,5
9ffce529,Extra Trees Optimized,5.5062107169407515,4.809224260678129,6675,3
a0383629,Extra Trees Optimized,33.68409665107736,30.651666771410685,7687,3
a056d01e,Extra Trees Optimized,8.242541354891241,7.101260367804117,8292,2
a08d9e63,Extra Trees Optimized,23.676621976916785,19.11841504649622,5199,4
a0b83014,XGBoost Optimized,41.51847596332906,37.39065939637,6873,5
a0e92ed6,XGBoost Optimized,175.4794074553774,159.5357214260783,6446,1
a15bc102,Extra Trees Optimized,12.552069900058376,9.773423779267802,5124,1
a247e7cf,Extra Trees Optimized,5.033089844893808,4.135404498868054,7237,4
a2e8e7f6,Random Forest,8.79262442331695,6.129046338106311,5812,2
a3518960,Linear Regression,27.966911897911892,24.8878375704941,6992,4
a3f71395,Random Forest,12.706431431352238,9.733800944749268,7040,5
a4719920,Extra Trees Optimized,13.726751991186125,10.699117632140261,7495,5
a48640d9,Extra Trees Optimized,10.484528540567577,9.225814129751415,6586,5
a4cdbb0f,Extra Trees Optimized,8.06487099890814,6.163302394927617,6759,1
a4f989c2,Random Forest,6.321497017464794,4.201143788759682,7024,4
a5aa7973,Random Forest,35.60211323976174,23.37277944686868,6449,2
a5e6f7dc,XGBoost Optimized,85.33098423907002,58.15562716865878,7331,5
a612d5a0,Extra Trees Optimized,10.69836634609514,8.037190362676148,7160,4
a622ce4d,Extra Trees Optimized,14.022644253850823,11.490912433371152,8047,4
a645da9a,XGBoost Optimized,55.98546563959479,47.44028317137142,6766,3
a692b17e,XGBoost Optimized,7.632617588483324,5.882360128951691,5409,4
a6b8ac67,Extra Trees Optimized,6.330045812974667,5.152842853301052,7017,1
a6ed2eff,Extra Trees Optimized,14.709076113733312,12.853918818717272,7054,2
a6f967fb,Linear Regression,89.76295628872379,81.47224076284235,7032,3
a76db406,Random Forest,3.0978317085533007,2.079503047471192,6451,3
a7744f5b,Extra Trees Optimized,3.2694897518942923,2.3819896815409694,6017,5
a783cc24,Extra Trees Optimized,30.27428071480115,17.653211246477692,3275,5
a79fd2e7,Random Forest,24.66466608933121,19.75316853333946,6327,5
a7fc3e6b,XGBoost Optimized,19.468061809404347,15.199537062215791,6378,1
a85bb86f,Extra Trees Optimized,8.484844036438757,6.647441256625211,5100,5
a85e4bc3,Extra Trees Optimized,8.14249363982382,7.049938945481972,5993,2
a87433c9,Extra Trees Optimized,58.864812612204744,44.750373283365434,7460,5
a8ed028a,XGBoost Optimized,33.91247819586698,30.442455577761763,7310,3
a959858c,Extra Trees Optimized,50.01649797206574,35.923449105512866,5770,4
a9c9b150,Extra Trees Optimized,12.418146010413471,10.806053023725656,5826,4
aa95015b,Extra Trees Optimized,8.044650724768797,6.574045243981009,5761,3
aaaf3c03,XGBoost Optimized,97.34084704853169,64.10740339301778,4728,5
aaeffccb,Extra Trees Optimized,8.10350881997612,6.383444260511133,4586,3
ab112491,XGBoost Optimized,173.18344322645441,145.39132047358262,7178,2
ab18d3fc,Linear Regression,21.48700658803466,20.41222564783117,7337,3
ab3ced07,Extra Trees Optimized,7.885170418830426,6.072279960395385,6008,1
ab6fe95d,Random Forest,15.829959808755879,7.762130594793459,7424,3
ab94878e,Extra Trees Optimized,14.221074419067712,9.879096265839562,7652,4
abf460d2,Extra Trees Optimized,2.4590620064544066,1.9500151908489873,4763,3
ac6f01d5,Extra Trees Optimized,85.90929281651418,73.32441444119863,6729,4
ad2133a8,Extra Trees Optimized,8.061787463742217,6.907013660401617,7187,2
add9c322,XGBoost Optimized,24.281497827911053,19.0160330505979,5519,4
ae069086,Extra Trees Optimized,4.800148752699158,3.5324333414813016,6741,5
ae0784a8,Linear Regression,72.71204483291916,71.64076667657275,9171,3
ae35f33a,Linear Regression,20.91774391515322,19.340401306859437,6469,5
ae8959c3,XGBoost Optimized,29.458283293879152,24.113329335967006,6645,2
aed44918,Linear Regression,73.54370955855423,66.65460985734282,4020,5
aee6393a,Extra Trees Optimized,20.182535226563886,14.12734549417719,7146,5
af7a59ce,Extra Trees Optimized,34.67191924653292,26.215964776309374,4330,5
aff4e561,Extra Trees Optimized,5.716995941215796,4.875254754912449,7723,3
b04b58a3,Linear Regression,41.273957468964724,35.82512569283871,5229,5
b0d42b0d,XGBoost Optimized,112.47499035975423,104.98115875584972,6357,1
b0f53bf4,Random Forest,94.58604735833116,86.6507148715823,4202,3
b19b0395,XGBoost Optimized,10.074858278151108,8.333494030972094,7196,3
b1efb8a4,Extra Trees Optimized,22.402441940601296,18.375279845102376,7562,3
b32902c0,Extra Trees Optimized,7.59715701450998,5.897261756090333,5737,2
b32e4903,Linear Regression,8.103978339876686,5.720362642831994,7420,3
b3388334,XGBoost Optimized,36.79079887659523,32.79328648868813,7807,4
b37fd114,Extra Trees Optimized,21.862814994128986,18.958215333357174,9786,4
b38e3116,Extra Trees Optimized,6.380478801704113,4.7383358244885345,7954,1
b4d8dd4f,Linear Regression,16.575787150301412,11.87317784095661,5909,3
b4f37e6e,Extra Trees Optimized,9.027352556063988,5.715629234010516,4499,4
b56bc0aa,Extra Trees Optimized,6.323070589787733,5.124672192868312,7431,4
b585b4fa,Linear Regression,10.29364310551956,6.839597305992069,5999,3
b5aa9634,Extra Trees Optimized,4.441613281133634,3.730513878759798,8747,5
b7974e66,Extra Trees Optimized,8.24256825906597,6.817893596926518,7170,4
b7cdcecb,Extra Trees Optimized,8.865012603556103,6.237390878028533,7620,2
b7fea9ef,XGBoost Optimized,23.893135409951068,18.660714510930507,5575,5
b85f7b06,Extra Trees Optimized,321.78108355805796,296.9397160048432,5453,4
b881d27e,Extra Trees Optimized,5.788638979049512,3.300960260818133,5442,3
b8c49c1a,Extra Trees Optimized,13.508305123653246,10.126512996577103,6254,2
b95e7121,Extra Trees Optimized,13.959848622383008,11.701311513667559,7492,3
b977be4a,XGBoost Optimized,10.709608661910563,7.90203275100067,7495,2
ba48188d,Linear Regression,17.749546119077614,12.854190278390405,5534,3
bb2cdd83,Random Forest,8.261135134691015,5.514150311629581,5665,3
bb337fa0,XGBoost Optimized,28.63042314162935,23.53354308190582,8216,1
bb682ebd,XGBoost Optimized,31.778372950654372,25.998323065513823,5931,2
bc4381e2,Extra Trees Optimized,8.850343724150946,6.868649385700916,6885,2
bcebcc5f,Extra Trees Optimized,3.492096099804205,2.7629307711262805,7889,3
bd2c2f34,Extra Trees Optimized,20.23563099539227,17.08211954525236,11621,4
bd4ae5da,Extra Trees Optimized,47.671662567378036,30.240289572372372,6905,4
bd6f0e19,Extra Trees Optimized,6.911349446501881,5.72548186191565,6979,3
bd8f847e,Extra Trees Optimized,9.568759650761349,7.633305956978309,6161,2
be063506,Random Forest,10.604027532335223,8.516735451397192,6539,5
be35c8f2,Extra Trees Optimized,98.19879041951313,85.58424460377651,5898,2
be83e781,Extra Trees Optimized,26.79281341866196,22.903673247054204,4776,2
beda8696,Extra Trees Optimized,3.283977541430506,2.3075947653098203,7868,1
bf39bc20,Extra Trees Optimized,3.066041366118672,2.4769464825685605,5047,5
bf70b410,Extra Trees Optimized,13.737991576624962,10.72264968105303,8000,3
bffe3082,Linear Regression,282.6789867615817,282.25517030195925,7186,5
c03b9305,Extra Trees Optimized,30.36737033390143,23.748476133349723,6067,5
c03d4aed,Extra Trees Optimized,8.063750060132813,6.278147251863559,6375,2
c03fba65,Linear Regression,13.180826374946106,11.41653963585709,5669,4
c07fd0cd,Extra Trees Optimized,17.756083277135048,15.547744250589176,6035,4
c1708b88,Linear Regression,26.039811461377848,20.321788397585326,7960,5
c1d046f4,Extra Trees Optimized,20.051323581237,16.994063286001417,6917,2
c2717d4f,Extra Trees Optimized,28.995080555845426,23.29463414179208,6682,2
c2c4db09,Random Forest,12.458917559270674,9.987973699019504,7851,4
c2c6fc71,XGBoost Optimized,21.893015922983352,18.825927385287,8840,2
c36625df,Random Forest,86.08129365793228,64.1797435186349,6386,5
c3957531,XGBoost Optimized,23.2040458905303,19.14769297542733,7254,5
c42fe306,Extra Trees Optimized,14.660052989717341,10.56850799099628,7023,5
c43812e2,Extra Trees Optimized,22.484505564247463,20.39627430854007,7293,4
c472c0b5,Linear Regression,14.85420126375862,11.80167556607759,4867,5
c47e0767,Extra Trees Optimized,8.559633058477734,5.573302462982001,6099,1
c50b42f6,Extra Trees Optimized,9.756046591896087,7.079925983102327,7920,2
c593337f,Linear Regression,127.55484381548169,126.65003356787328,7118,3
c59b6c4a,Extra Trees Optimized,11.329302525755168,9.377007199479245,7460,5
c66be2b8,Linear Regression,117.40190562328971,116.52210892770282,6207,5
c6797dd7,Extra Trees Optimized,6.381339318626971,5.1593892206001,6281,2
c6b782a4,XGBoost Optimized,8.27988589284053,6.291750087780906,6675,4
c6c96179,Linear Regression,34.30004979448451,31.449031519044002,5813,1
c70c0e01,Extra Trees Optimized,22.345772425196095,18.05332742109141,6057,2
c84c65be,Extra Trees Optimized,91.77543823514318,68.81779247109026,10243,1
c8d9680c,Linear Regression,123.31494866602122,122.70024717143815,7741,2
c908edd0,Extra Trees Optimized,16.719731943082106,14.299291148869505,6751,2
c9578d27,Extra Trees Optimized,10.647213628764469,9.10287261293478,6202,5
c96c018a,XGBoost Optimized,7.0820523602989764,5.634402988263429,7679,4
c99f9fae,Random Forest,61.18943326266265,54.63521052874738,8394,4
c9e6734f,Random Forest,26.338040710136895,23.476572736142725,6388,5
c9e980e8,Random Forest,5.964691385985154,4.717190235612748,6262,3
c9fedcf3,Random Forest,17.078185064102367,13.55522214194499,5210,3
cad13e8f,Extra Trees Optimized,4.6557149623514915,3.5816668559968274,6866,3
cb34231f,XGBoost Optimized,22.24648039731023,20.03299664509834,7510,1
cb879f40,Linear Regression,155.915431101665,155.73098335025128,7904,4
cbb406b5,Linear Regression,35.05899930691783,34.07946652606549,8135,1
cbe51de1,Linear Regression,381.10096810060645,380.9574329802339,5362,2
cbe62450,Linear Regression,163.68729354274632,163.56129434999968,7858,4
cc08aa63,XGBoost Optimized,6.128150150894611,4.973838307094484,5018,4
cc8a1d57,Extra Trees Optimized,12.056200056231525,10.345665006266012,8321,2
ccedb12b,Extra Trees Optimized,4.18600229388428,3.5873984024184247,6427,2
cd7f1687,Extra Trees Optimized,11.72725728446117,10.039810520556102,5981,3
cda7eb37,Extra Trees Optimized,6.148085656923142,3.7371249086065825,7620,3
cdc31d65,Linear Regression,13.362095979425485,12.289266796873413,6608,1
cdc60a53,Extra Trees Optimized,3.6859181311595726,3.1189295913804527,7631,5
ce55ba43,Linear Regression,8.365968532628758,7.051368635163906,5658,1
ce8399b7,Random Forest,23.216519560181204,11.397015129316971,3548,1
cf50c9d1,Extra Trees Optimized,11.906441976022986,8.3144322187128,6634,3
d00e7eb9,Linear Regression,15.502121772090916,8.796452972231611,7321,4
d011f41b,Extra Trees Optimized,3.2268792926114576,2.468358542433026,3906,1
d07aed8f,Linear Regression,81.83899792795347,75.99273918010309,4709,3
d085e611,Extra Trees Optimized,17.713384654146854,13.748095813554109,7852,3
d0a0e7b5,XGBoost Optimized,18.357847911560192,15.348296887965677,5423,4
d0a43760,Random Forest,23.130530857846956,18.61063856064193,5502,4
d0cb63ae,Extra Trees Optimized,6.152322050008228,4.860721265376203,6859,3
d114d9c2,Extra Trees Optimized,2.966166522688782,2.074022970199455,7543,2
d1457cc5,Extra Trees Optimized,11.579390592342309,8.480424633409454,8443,1
d1ecf309,Extra Trees Optimized,60.854229932904495,42.4571153571286,7864,2
d1ee630d,XGBoost Optimized,31.645655808064756,28.541743390261978,7879,5
d217e0c5,XGBoost Optimized,6.904555817260735,4.686955593328869,5713,5
d24ff243,Extra Trees Optimized,7.70276101328085,5.887540284431655,7116,3
d273674e,Random Forest,18.831708442572268,12.747162153819502,5738,3
d2f3b1ab,Extra Trees Optimized,19.402356298877653,14.43558476714992,7018,3
d3df146b,Extra Trees Optimized,17.915238539060894,16.690213517823114,7252,5
d40f61d5,Extra Trees Optimized,3.3579102993178522,2.697145413069992,5880,1
d41beaf2,XGBoost Optimized,11.159108610427761,9.135811986830692,6592,4
d463e527,XGBoost Optimized,25.576816280357956,20.570095625178798,6991,1
d4f60a28,Extra Trees Optimized,7.19469205580671,4.600954076467161,6435,5
d50c649a,XGBoost Optimized,16.734704070319964,14.15730412077172,6548,2
d543916f,Random Forest,15.207570001503676,10.915125333448218,6281,5
d5df0ff5,XGBoost Optimized,45.01154013717253,41.39696678620233,5490,2
d60430e6,Linear Regression,23.694250715552553,22.994574696155073,4176,2
d63196fe,Extra Trees Optimized,3.5274388183197645,2.8302440883096467,5881,5
d6c320d9,Random Forest,16.12112344532831,12.478707903162217,6946,5
d6dd7330,Extra Trees Optimized,7.212848928612225,5.835994559033544,7660,2
d7ba4f9d,Linear Regression,27.995269840463017,24.58589779047619,7771,5
d7eb0be8,Extra Trees Optimized,18.404739154671443,15.47386966769406,7208,2
d84b621b,XGBoost Optimized,9.73450318719808,7.129879284230351,5746,5
d90aa14c,Random Forest,29.059124154693247,24.225746703173645,12141,1
d924e971,XGBoost Optimized,114.38501773439889,99.62170709306717,5308,1
d9ae59b2,Random Forest,54.8843142584022,27.079287236362674,5150,4
d9d6d94d,Extra Trees Optimized,12.274102846657184,10.999836655093995,6660,3
d9eca87b,Extra Trees Optimized,11.27076843184494,9.107119392265263,7932,3
da2d4d7c,Extra Trees Optimized,40.32741284883277,38.145084720907256,3567,2
da3bfe4e,XGBoost Optimized,9.159731131991531,7.385563517922575,7107,2
da3cf798,Linear Regression,15.34600819139587,12.805142957348512,7591,1
da940160,XGBoost Optimized,7.790526931152868,6.348347527422052,6792,5
dafc88c3,Extra Trees Optimized,9.417373712603416,7.257241276148494,7187,1
dbee6c86,Extra Trees Optimized,8.994720593222466,7.3047266587369215,9114,4
dc5fbe29,Extra Trees Optimized,10.499358002716292,6.678649041857233,6555,1
dc7da28f,Extra Trees Optimized,4.00463504085062,2.6318550499805897,6672,5
dc7f9757,XGBoost Optimized,17.388335493725254,12.78132557457076,6203,3
dd168de0,Random Forest,9.857644574704997,7.870240853346386,5095,2
dd64382d,Extra Trees Optimized,7.939921768139506,6.004702162051741,5058,3
dd6bc5b2,Extra Trees Optimized,15.403145657794212,11.319224887708792,5764,2
dd7d638e,Random Forest,4.093823001290962,3.1728264084125004,6046,1
ddc790ff,Random Forest,43.07518504416796,30.12741064214838,6468,4
df71d1ff,XGBoost Optimized,11.512477650446604,8.962136895743395,7879,5
df73b8f3,XGBoost Optimized,25.8508177278375,21.513511139641494,7150,1
df8290be,XGBoost Optimized,14.583180545300502,12.977520106002327,5675,2
e0079ed1,Linear Regression,74.10542301416722,69.51474283331811,5257,3
e03b45fd,Extra Trees Optimized,16.492559815625047,12.60550864189226,7083,1
e0f36d98,Extra Trees Optimized,29.621599089124377,26.554100046459798,6714,4
e149204f,Extra Trees Optimized,2.445912823915611,1.76151850765013,7549,5
e14d641e,Linear Regression,13.94468758447008,11.859808139116353,4978,4
e161bd0c,Extra Trees Optimized,27.57069457090125,19.843696664568913,4813,5
e201fd6d,Extra Trees Optimized,25.37446610637998,19.901414303213087,6912,1
e25f1537,Linear Regression,15.470362194631848,13.447431096004214,5018,1
e2fc7745,Random Forest,24.18492647126943,16.506171707726395,5343,3
e32da4ec,Random Forest,47.64165959247263,36.95391217153044,6148,1
e3b34f5b,Linear Regression,104.01319789098393,102.6264920329994,7293,3
e45a2a62,Linear Regression,9.844442583768162,7.560670586547995,6697,3
e46f4ef4,XGBoost Optimized,50.933882369631064,44.450016574223135,8930,4
e4726608,Extra Trees Optimized,11.221934285900145,8.237282583805184,6268,4
e5864244,Extra Trees Optimized,15.063242615613534,10.527199988615957,6037,4
e5c92e59,XGBoost Optimized,20.28479070981598,16.511876113811798,5927,1
e5ff9fd2,Linear Regression,204.23249890981225,203.94647854294334,4198,1
e6c55748,Extra Trees Optimized,10.356920058468726,8.73211243248626,5959,1
e730c32b,Linear Regression,304.93810015912317,304.63647708871525,6469,4
e737965a,Extra Trees Optimized,116.23057751643536,97.23593640468997,7694,3
e748dd88,Extra Trees Optimized,12.366925297886503,5.160296792927013,6264,1
e7818f7a,XGBoost Optimized,84.28938139705524,63.53409311392598,6829,5
e7c36e81,Extra Trees Optimized,5.044931894394421,4.0832747345763005,5655,2
e7d0c1de,Random Forest,12.819824115403739,8.508711952845433,6455,3
e85074c5,Extra Trees Optimized,15.936293254734535,13.451361256777254,7236,3
e97032ad,Extra Trees Optimized,12.386418602464854,9.423565538566853,5654,3
e9949a23,Extra Trees Optimized,4.447340826555944,3.3590507202857327,6407,3
ea0b99b7,Linear Regression,322.6255004139127,322.1047975358582,10939,2
ea3a0e38,Extra Trees Optimized,10.998583980220152,8.30827522743469,11794,3
ea41324e,XGBoost Optimized,6.197240556941078,4.609720062554773,6839,5
eabc711b,XGBoost Optimized,15.08552273791118,12.684258912701695,7314,4
eac10e86,Extra Trees Optimized,12.09337009712567,10.343015475561737,7501,4
eafb863e,Extra Trees Optimized,6.8115698096589705,5.133040807804185,5317,1
eb06a4e7,Extra Trees Optimized,51.37037776552407,29.597779613476565,6379,4
eb640a35,Linear Regression,16.448740517817036,14.1541398048673,7782,4
eb934281,Linear Regression,35.740170877831105,33.48567138017911,7812,5
eba6605e,Extra Trees Optimized,26.117896655515036,19.372815151505367,5719,4
ebe69318,XGBoost Optimized,36.845445554787155,31.47887928187323,6718,3
ec0d597b,Random Forest,23.079632465712418,15.695880966854762,6452,1
ec13af42,Linear Regression,20.429371103914676,19.67528653582393,7362,1
ecdab904,Extra Trees Optimized,20.62067644246646,16.623965713029488,8176,2
ecdaf714,Random Forest,25.21400369689398,19.0689811315662,8240,5
ed6436d6,Random Forest,13.258616452129427,8.752528201693142,5027,1
ed6e6e54,Extra Trees Optimized,9.283533548932262,7.034291515970727,7385,3
edf885a3,XGBoost Optimized,15.146630368106615,12.155808239512654,4863,4
ee0300f7,XGBoost Optimized,16.26071074206125,13.367299894244034,6161,5
ee288beb,Linear Regression,65.19984257101876,61.43014904166234,6190,3
ee4aecac,Linear Regression,11.786151310982131,10.699726261194005,6596,3
eeda36f5,Extra Trees Optimized,12.019027322718685,9.380811445042431,6198,2
eeed308d,Extra Trees Optimized,6.4209771174648145,4.8012511576805545,5503,1
ef04658e,Extra Trees Optimized,9.77195671593915,7.713719407422127,5664,4
ef8e3ed0,Extra Trees Optimized,9.511635601840602,7.176586262496757,6637,4
efde6ac3,Random Forest,10.603911036246094,7.0474028099306425,6220,4
efe96181,Linear Regression,78.91516145637321,74.77468410779396,5464,3
f0188a48,Linear Regression,32.462586729266405,24.91770481616981,6139,1
f021b650,Extra Trees Optimized,75.92490908427408,72.03243479385888,5610,5
f03f10fe,Extra Trees Optimized,4.564558183541295,3.5847537917513046,5823,5
f053a1b9,Extra Trees Optimized,23.46734264802896,17.498115015739945,5952,4
f074d277,Linear Regression,144.06000188422794,141.28998573532104,3868,3
f07d7037,XGBoost Optimized,9.328980332173204,6.6320536977270175,7688,1
f08774c3,Extra Trees Optimized,6.276412670791176,4.89919422312982,5645,3
f140c2fa,Extra Trees Optimized,5.979815538298782,3.636787759401672,6024,1
f16e25e3,Extra Trees Optimized,4.229498523114377,3.4247533414863303,6585,3
f2d4c8c9,Extra Trees Optimized,15.237853637577475,13.012006367608269,7908,2
f321a31c,Extra Trees Optimized,8.375128103806725,6.580680333608065,6555,3
f40cd091,XGBoost Optimized,34.80445524079558,21.33434543217796,6776,4
f439a621,Extra Trees Optimized,10.688031956602748,8.736046078899047,4695,1
f49fdea3,Extra Trees Optimized,54.55782264531488,42.692477613170134,7027,2
f4d12d23,Random Forest,5.148688547199736,3.829402558408295,5448,5
f56d3ace,XGBoost Optimized,42.59476855117622,39.55927610833154,7383,4
f5859199,Extra Trees Optimized,98.82812071733832,91.37038109361158,7438,4
f5d8aab6,Random Forest,19.142185419238917,12.434302425987589,6576,5
f631da6e,Extra Trees Optimized,15.471387454025804,11.64310190801654,5604,3
f6824bb0,Random Forest,5.189212541309292,3.730741406529288,6864,2
f6bc699b,XGBoost Optimized,13.335232003363892,11.33445651216833,5501,3
f6d009f4,Extra Trees Optimized,29.815922002745232,23.298784554200036,8003,2
f72b268f,Extra Trees Optimized,7.124477419379289,5.898590102727508,7918,5
f8662c22,Extra Trees Optimized,18.7522628032842,15.399107177579515,6957,2
f88ddb26,XGBoost Optimized,21.880996139102702,17.619454916476823,6585,4
f8afa78a,XGBoost Optimized,8.327339985266011,6.920281608439746,7367,1
f8f59188,Linear Regression,8.765273972757143,7.985965601455051,6740,5
f9fc81aa,Extra Trees Optimized,7.4038593768578735,5.931134009247903,7113,1
fa16d114,Extra Trees Optimized,19.151881615124665,15.166972802739895,6928,5
fa31da94,Extra Trees Optimized,49.06878441583211,44.00358501811216,6681,5
fa667be2,Extra Trees Optimized,2.3452248651518506,1.7610792274671492,8798,1
fae0c593,XGBoost Optimized,17.033584557077123,13.312454322230284,6147,4
fb03ae90,Extra Trees Optimized,26.537789676745295,21.39407040428272,8129,2
fb0904bd,Linear Regression,18.64350891410123,16.440124062143315,5087,4
fb3848a1,XGBoost Optimized,61.01966501916725,53.23169699448871,7859,3
fb73b13a,Linear Regression,70.21775276908546,64.08170614343794,7465,1
fba7683c,Extra Trees Optimized,14.166523680758534,12.57129596516953,2058,3
fbd68d27,Random Forest,12.847017622324403,10.535092794037272,8552,1
fc03f21f,Extra Trees Optimized,10.812497517239587,6.834892028800334,6202,3
fc0d20b2,Extra Trees Optimized,15.474138136316096,12.140522525754129,5308,4
fcfcc902,XGBoost Optimized,18.985575802308738,16.393084857315202,4665,3
fd3b4faa,Linear Regression,9.855117172069418,8.171880232186238,6956,1
fd710aea,Extra Trees Optimized,5.594366035323432,4.353684786150448,5960,4
fd8f77fa,XGBoost Optimized,23.691036854523347,20.960783192717713,6756,3
fde20ecf,Extra Trees Optimized,10.095864398158545,9.034847826180526,6386,2
fdfd57da,Extra Trees Optimized,10.260503556107293,6.75239979695482,7364,5
febb4411,Extra Trees Optimized,9.296044616160136,7.077401474536727,6275,3
fef8af96,Linear Regression,12.927293781484346,10.728598469406418,5068,3
ff0aea78,XGBoost Optimized,47.91256667148579,42.62817065665179,4976,3
ff8bb73a,XGBoost Optimized,21.15295230158046,16.959418213209023,7670,1
ffefef30,Extra Trees Optimized,17.13615814851693,12.629194701689732,6421,2
