well_id,average_rmse,median_rmse,minimum_rmse,maximum_rmse,average_mae,n_rows,fold
cbe51de1,508.9537728645446,490.9713531596584,381.10096810060645,672.771417038255,471.9972508241639,5362,2
877ed19c,497.13339797846817,521.3395529455354,317.96947384639265,627.8850121764092,452.9254620142502,5631,4
3a7dd95d,472.1109841836893,538.452207709396,206.83270254005373,604.7068187759114,444.6372901049416,4320,4
059c8f24,469.3118805690841,576.614278038661,88.40980012292192,635.6091660760925,424.6506288936607,7998,4
b85f7b06,429.80874016169196,398.18480514665964,321.78108355805796,601.0842667953905,396.6358229390528,5453,4
e730c32b,407.2517938376564,407.3816523472253,304.93810015912317,509.30577049705175,390.4819059948834,6469,4
bffe3082,374.10532384246267,389.22034223800983,282.6789867615817,435.30162413224934,358.59636048826263,7186,5
ea0b99b7,370.8368049222946,381.50729152549115,322.6255004139127,397.70713622428354,366.5667072429694,10939,2
c8d9680c,346.95593024935795,380.84897969594067,123.31494866602122,502.81081293952917,313.6659384896512,7741,2
cbe62450,333.536474622856,364.9340400129345,163.68729354274632,440.5905249228088,300.3300749091708,7858,4
cb879f40,323.7656461838303,352.68136021623246,155.915431101665,433.78443320119135,291.14998919365576,7904,4
9c350a6a,317.0491035708308,341.69674962242016,159.04029925134205,425.76261578714093,300.5214321812464,7794,3
8cc800b3,309.6114494271976,351.03154337784554,99.00034072406164,437.3823702290377,258.0697964569121,8091,5
e5ff9fd2,296.0223214986904,322.42014748288966,204.23249890981225,335.01649211917004,280.7278711209203,4198,1
9dfff011,290.06409572114984,45.89839854519511,19.701115611205722,1048.7584701830035,264.6719216071725,6067,1
1619e2ca,288.3130641918348,297.18181962578865,219.7050846855144,339.1835328302476,268.5611234753121,6002,4
42c538a1,288.26681921390093,336.9429621250872,113.01070437683298,366.1706482285964,274.7271263277217,4762,1
0dc5e64d,278.5383521183018,268.0291802709325,206.1399883240946,371.9550596072478,257.50148491655705,6191,1
96ae5806,271.18699362429004,298.0987629490656,106.1477267310587,382.40272186797046,251.9468879434935,11527,5
347242c8,268.5876322482557,292.52545648059726,79.41537713452435,409.88423889730393,227.0042060066283,5437,3
1fee2b62,258.03909338767653,237.37740355783149,222.4497782754761,334.9517881595671,240.77436384284346,6323,2
6d590e26,257.4750892015046,287.01282696012333,120.88087120974808,334.9938316760237,223.820074933884,7842,2
91db7070,249.27238479776804,271.596525939227,104.26055146229426,349.63593585032396,233.04517420332883,5646,5
a0e92ed6,228.84556074139917,233.1727080325598,175.4794074553774,273.55741944509964,196.0384270233267,6446,1
9e3e364d,223.7705084227697,235.79176547534416,80.47648183112297,343.0220209092675,211.51784578446518,5809,2
4463446c,216.60470016285984,209.63619574306057,191.68833200332264,255.4580771619955,192.58999355735642,4729,4
87695469,215.1862556444318,210.4594990387717,83.46894369047416,356.3570808097097,170.68199668400817,8654,1
05a0ee4d,213.02404604957957,197.46334900169018,128.30344575372797,328.8660404412099,201.84855304733992,6098,5
aaaf3c03,211.22960282149063,213.1040403997501,97.34084704853169,321.3694834379307,157.03628861259227,4728,5
5f4d2a52,210.06789989619426,220.00613307871015,97.43264700406806,302.82668642328866,185.21810968769273,7112,5
ab112491,207.02306816880474,204.52487860983354,173.18344322645441,245.8590722290975,180.56625312185767,7178,2
c84c65be,205.03712181861405,210.14423822344787,91.77543823514318,308.08457259241726,163.32199350474764,10243,1
0e5e560d,202.01705452705767,184.66669125946402,151.04957393964543,287.68526164965715,177.80692278728702,4896,2
c593337f,193.23063554085212,176.50983039904742,127.55484381548169,292.34803754983193,183.25970233617164,7118,3
e7818f7a,187.46515212168364,144.71515703924618,84.28938139705524,376.14091301118697,150.79365342364096,6829,5
b0f53bf4,183.79352203816933,182.1948806447283,94.58604735833116,276.19827950488957,167.66617048153984,4202,3
5397ceb1,178.0124177398157,185.627070842436,114.37459947323832,226.42092980115248,142.07482244172255,6811,2
13ce113d,177.7969057010282,186.94535504983614,129.89257891459,207.4043337898506,161.70027262854177,4875,1
eb06a4e7,176.90504615246536,203.86963813805238,51.37037776552407,248.51053056823267,151.52244821591808,6379,4
071d7b45,174.9561213905,184.89250932032934,124.36565313920491,205.67381378213636,152.20097091341856,4720,2
939d9c34,174.91223973342684,130.2255803556278,74.66579559607528,364.53200262637654,159.81612296815547,6627,4
d60430e6,173.40437665541467,217.29376040090847,23.694250715552553,235.33573510428917,153.54279648627124,4176,2
f074d277,167.49128848270973,172.6205147056392,144.06000188422794,180.66412263533257,164.94536523005473,3868,3
5b7b6324,165.54492351072753,161.79379997814732,121.42128099545533,217.17081309116017,148.55700664610254,8197,1
08fecf00,163.7572767555459,168.26852100153488,139.8897375598865,178.60232745922724,153.43111277441454,7405,5
d9ae59b2,163.69936539329882,95.71103045696607,54.8843142584022,408.491086400861,149.41271861801647,5150,4
272abef3,159.9789584382897,144.58780462347255,51.586475776280224,299.1537487299335,139.18893194083734,5682,4
5f6756c5,159.578555719698,157.5977746919383,136.37826180268027,186.74041169223514,153.46696859646255,8064,4
2075c696,158.11246629827122,167.20746286463987,56.89317761046411,241.14176185334102,143.25390644317022,5580,3
e737965a,157.87060417214752,153.18414262417076,116.23057751643536,208.88355392381314,140.25729473415902,7694,3
5693dde2,157.5904726650425,163.6111958974019,97.57717790105481,205.56232096431134,151.61639808612065,4846,1
511e1db0,156.86182292281035,154.88642952286062,113.78713229005966,203.88730035546052,117.413395407038,5645,2
1550491d,152.2470666852206,182.05743231824027,8.695732679168385,236.17766942523352,127.88537417043524,5929,4
d924e971,149.86312823800628,134.43009674144506,114.38501773439889,216.20730173473612,134.20928553688557,5308,1
7987f2f2,147.73256195688597,116.7316736206284,41.70549214897762,315.76140843730946,126.03831217316817,5714,2
5eae34a8,145.89578940289152,139.50168129980386,117.49022254284226,187.08957246911612,126.84419786467798,6652,1
9b9e3b49,145.45901244805825,127.14099177503662,50.28566776018177,277.26839848197795,129.0934575163728,6875,2
cbb406b5,142.516360580139,168.93969001612038,35.05899930691783,197.12706298139753,121.2692330940728,8135,1
b0d42b0d,142.24441847156822,130.04196089120367,112.47499035975423,196.41876174411138,128.5428551216405,6357,1
89f1085d,141.9516310910178,139.3589232890007,97.3640437109078,191.72463407516193,124.50912682681937,7497,3
f5859199,140.81972646082585,132.88965462197956,98.82812071733832,198.67147588200595,126.45898737116434,7438,4
5aef5c6c,139.78708556093824,138.89158986333263,111.20473890091077,170.16042361617696,117.93366788105044,4853,2
43e16325,139.37167697095947,145.93554491374368,89.04481795453226,176.57080010181815,119.60011561762445,5845,5
9298ad5b,138.1890048205262,143.77068402417723,27.196850775250283,238.0178004585001,128.4531013334318,5807,1
0849b4e2,137.21874820193818,155.8728206293617,60.350476965549355,176.77887458348,127.04972506938311,7436,2
4f4ac5ce,136.26536738218084,148.54864460747507,50.17910684810383,197.78507346566946,122.11254229971182,6899,5
206b6193,132.7767986450356,128.38224148393238,95.24109920889633,179.10161240338127,116.97114406677424,8568,2
c66be2b8,132.27002187200276,133.35172717471949,117.40190562328971,144.9747275152824,109.9371214874452,6207,5
29de15c8,130.7733306264872,104.11048616707755,88.13705665099256,226.7352935208011,113.32318307815451,5164,5
32fe84c9,130.11197876460662,147.1483612440812,56.41751766556276,169.73367490470127,104.55178035247212,8163,5
ee288beb,129.65887423330935,138.49923019158734,65.19984257101876,176.43719397904385,122.91907893041478,6190,3
6a8fa194,129.31700250791812,86.0555817804025,45.56674203577463,299.5901044350929,103.0473237795876,4657,5
ddc790ff,128.65613243183623,133.371305208277,43.07518504416796,204.80673426662298,118.71649110695871,6468,4
9d072e4c,127.27235777420698,69.76532133946614,44.64327795439839,324.91551046349724,114.89192146355398,6798,2
0dc835f3,126.40202891706255,123.15427995637299,88.31198900622428,170.98756674927995,118.05130833908495,5279,2
9d3ec64c,124.99857830905422,127.42867454308991,104.50236721507126,140.6345969349658,111.3136846407196,4937,5
d1ecf309,124.8353817404377,107.27144667957396,60.854229932904495,223.9444036696984,95.09782512180891,7864,2
2cee0cba,124.64592669394298,130.52183487152158,78.43263750793355,159.1073995247952,112.95882312006066,7335,3
e3b34f5b,123.80551438782567,123.14662423261166,104.01319789098393,144.91561119509547,111.27399972326717,7293,3
e32da4ec,123.42188265694807,97.17801283146392,47.64165959247263,251.68984537239183,110.36593712266941,6148,1
7e208414,122.20246026459294,125.9976440283111,56.84644944145086,179.96810356029872,93.05384675817234,5732,3
a87433c9,121.60576635222033,134.81108311143703,58.864812612204744,157.9360865738025,107.18094600649728,7460,5
a6f967fb,121.56870079838899,123.77981267888109,89.76295628872379,148.95222154707002,112.89429362717455,7032,3
d00e7eb9,121.50889003671819,117.1725652487167,15.502121772090916,236.18830787734845,104.25294476947153,7321,4
8648abae,121.10630226230529,137.87218085172753,55.032287007772226,153.64856033799384,111.46800762126189,6086,3
7850c72e,120.18896676401609,136.3875351353061,46.47492645028779,161.50587033516436,107.54454932719304,7712,5
75c20ec7,120.09803418447873,99.76663706745009,29.657107602438934,251.2017550005758,103.60902552095648,7205,3
201661b5,120.00454219071872,114.00187088168038,45.01093194840717,207.003495051107,104.36738413466335,8136,1
fa31da94,119.12111729717526,73.90849489546447,49.06878441583211,279.59869498193996,111.2782252182894,6681,5
653612bc,117.7845320935703,113.28935825150555,34.111284503095895,210.4481273681742,110.80941480234259,5946,3
be35c8f2,116.43567937210962,113.54451440563952,98.19879041951313,140.4548982576463,98.45118288785635,5898,2
2be5c96a,116.32332052908293,111.46697776532429,52.224351859350634,190.13497472633253,101.0572118324757,5753,5
ae0784a8,116.09692413661409,116.47714691702838,72.71204483291916,158.72135787948045,93.17054417260184,9171,3
9df1b1f9,115.26452212050758,111.81360685277937,77.85566616061661,159.57520861585496,106.97475906624875,6444,3
c36625df,114.58970455752578,96.81842767436228,86.08129365793228,178.64066922344622,96.51380226082772,6386,5
8a3da6d1,114.56617480986372,105.47401013650362,54.80899315304978,192.50768581339787,99.43659650056328,6334,1
f49fdea3,114.24514810279763,76.96590216401263,54.55782264531488,248.4909654378504,101.35686342114275,7027,2
739a914f,113.2073428390411,110.23440007492616,72.35008998322172,160.0104812230904,89.8151904424852,7319,2
c99f9fae,113.05785448063916,84.19482480132251,61.18943326266265,222.652335057249,105.84548132018865,8394,4
01982c1d,112.57536780305205,113.91209883430412,31.170116775802096,191.3071567677979,93.5022100679378,5587,2
ff0aea78,112.09680058929297,96.37597040462478,47.91256667148579,207.72269487643652,102.96867984724896,4976,3
940e709a,111.8223894224821,132.4819414961189,22.954920658565324,159.37075403912527,102.32914159997523,4989,2
39b51819,111.72417516304603,139.11450465288559,19.841499755625417,148.82619159078754,92.92536885468554,6382,5
8c167025,111.54245793521505,109.20806950536272,62.36396609530898,165.38972663482585,76.44985815730452,7113,4
ac6f01d5,111.43519222076523,98.21476605324824,85.90929281651418,163.40194396005026,87.71111802561158,6729,4
aed44918,111.22116185289353,89.06709790647402,73.54370955855423,193.20674204007187,101.04023397097308,4020,5
28473855,111.0536745957535,123.71738795606674,23.01270714225258,173.76721532862794,95.51177680249113,6620,5
896d15b9,109.81192987489368,106.78709163171865,98.11713156261858,127.55640467351884,91.95045614340287,5698,1
63559d57,109.75961592585934,58.025154012093964,12.922007689566952,310.06614798968246,98.91320947898069,5810,3
2f19d536,109.29742590331166,94.72977419864489,37.365232828458026,210.36492238749884,97.65078300664642,4744,3
5a1a8fd8,108.63704870295656,76.49358591616404,23.679183556210578,257.8818394232876,97.94724406427477,6814,1
9283ae69,108.3022453592212,119.75623574445936,39.0654376543655,154.63107229360062,96.39962290492721,5118,2
9ab94eeb,107.82373644465656,130.05343631303296,29.445096768027874,141.74297638453245,90.61053834126064,6372,5
1bcb2fcf,107.3320501830286,113.60003153245373,83.09978727659393,119.02835039061297,93.26454277962497,6202,4
d07aed8f,106.14803846110935,109.54233662114838,81.83899792795347,123.66848267418717,98.64864197682397,4709,3
a0383629,105.52048988834287,118.57828545834018,33.68409665107736,151.24129198561377,98.29471211450088,7687,3
35b30c7f,104.87996369150812,112.10932910487776,66.98329927515098,128.317897281126,84.0171011521708,11270,3
8382f4b6,103.95482876932351,114.79420930208232,28.726353729636184,157.5045427434932,80.94154904861126,6680,5
dd168de0,103.87697981383118,119.31218541551813,9.857644574704997,167.0259038495835,95.71758745988798,5095,2
8cc21f01,103.26724555110573,112.92612603567483,55.79954187892005,131.4171882541532,93.27527535747328,5806,4
4c3168cf,102.5557883970054,69.42065115494174,40.63270991355527,230.7491413645829,91.4372339432272,5959,5
c9e980e8,100.37132745692564,97.62233692833405,5.964691385985154,200.27594458504933,85.77683992278341,6262,3
61f27424,99.3573623833517,82.51920434451685,8.49477912680523,223.89626171756788,79.19725871354107,8341,3
a5e6f7dc,98.26301672489255,96.36706816679725,85.33098423907002,114.98694632690568,67.07571403988206,7331,5
3a0af893,98.26215672714426,95.40408208808176,86.00333794132993,116.23712479108357,87.87819937305659,4580,1
efe96181,97.78367881004102,100.09113020861342,78.91516145637321,112.03729336656403,72.95830996447056,5464,3
fb73b13a,97.67219299703638,100.49840194542958,70.21775276908546,119.47421532820086,79.97404540592603,7465,1
2d35f86d,97.19094821632939,77.06627828021323,13.944698946462422,220.68653735842867,77.91859502979301,6628,3
2bff06cf,96.9004863479065,91.9013240127606,38.56394371740786,165.23535364869693,79.92791729132188,9174,5
46a301e9,96.69188287323705,75.19603657575368,58.57324471090949,177.80221363053136,86.27105246813706,9962,2
47ee27ab,96.5573993317102,91.81401329370162,35.69310185514192,166.90846888429562,75.17971299298127,8274,3
12203f2a,93.94840179589103,57.28920075783398,45.47148762034651,215.74371804754966,84.83282443000778,4991,1
647f2a41,93.6280610002089,88.63577858049678,16.888042441331628,180.35264439851045,77.95825197165384,5836,2
e0079ed1,92.2563087796591,89.47435282558985,74.10542301416722,115.97110645328947,81.53967863928013,5257,3
fb3848a1,92.21807310701757,92.36058987142027,61.01966501916725,123.13144766606251,76.41286531907426,7859,3
4630ab92,91.39511223216431,91.01010099402677,72.80430651875736,110.7559404218463,73.95754978133246,5307,5
e201fd6d,91.35253234166584,86.04547277574491,25.37446610637998,167.94471770879352,85.38210685740734,6912,1
9a6b0392,90.33305665426013,88.73951093431538,56.793779112259486,127.05942563615028,78.89068230585026,5802,3
19fb4f7b,89.52490100981846,89.9010267167342,65.89716267896114,112.40038792684432,64.73896554703033,7923,5
e2fc7745,89.3398761647799,53.74187004479177,24.18492647126943,225.69083809826662,76.75063509752604,5343,3
6d6d93af,89.01114299635785,74.19980898871691,58.59571672781627,149.04923728018127,71.73640865428197,5305,3
f021b650,88.6773294278358,91.73061780674468,75.92490908427408,95.32317301357979,84.1236017145942,5610,5
0390d174,87.86779830146503,61.313774861450796,45.64820833880782,183.19543514415068,73.3689551164883,6101,3
c2717d4f,86.06256089707347,45.86617330349455,28.995080555845426,223.52281642545935,81.39034627555581,6682,2
26623a50,86.0027714876177,77.82253336819313,38.883090890898366,149.48292832318614,73.67137700086596,7479,2
516088b7,85.50003012142756,55.368731716326224,38.00524829904297,193.2574087540148,80.44622926564563,8300,1
000d7d20,84.69828824330828,39.141295511875114,12.729587496178686,247.78097445330422,81.23910440706332,5278,4
89f36adf,84.06919960118975,62.47819013774646,58.42182218862878,152.89859594063734,77.13869930758253,7041,2
a645da9a,83.91586385260837,80.82784572785192,55.98546563959479,118.02229831513479,70.29520026507006,6766,3
230eaaa3,83.76161997136839,50.13706294364307,27.303481258771495,207.4688727394159,74.20966741035149,6451,4
da2d4d7c,83.40661502600153,52.2060346700346,40.32741284883277,188.88697791510415,79.31290714845316,3567,2
e4726608,83.1759847545077,49.970170623142785,11.221934285900145,221.54166348584505,74.43779979917431,6268,4
27ebb9b9,82.5415197962578,85.47258980479117,53.04911101782889,106.17178855762002,78.69814254892245,7651,1
353e5502,82.47264155057205,74.2420276248292,51.43247303999894,129.97403791263085,73.32393786880296,7901,3
1944513c,81.76878616750187,42.27180946730311,23.91921008997074,218.61231564543056,78.29783360861887,6599,2
a959858c,81.51195130744637,67.51538644841294,50.01649797206574,141.00053436089385,69.97596540457475,5770,4
f56d3ace,81.31653514938776,50.152245705702455,42.59476855117622,182.36688063496993,76.66515426884959,7383,4
4a335117,81.07781037602807,69.49187425449708,26.10813050882264,159.2193624862955,71.41322603858032,6727,3
0d99f8e4,80.68465557408987,93.8001047599348,9.223508982131333,125.91490379435854,60.196013052060536,7522,4
4a8ecc0b,80.3441739250117,83.9863530090833,60.95059151935671,92.4533981625235,70.90655970913593,7374,2
5d7198fd,80.07116437371505,82.5342801947274,26.571416600412988,128.64468050499238,71.84987539974071,4797,4
1285a37b,79.47320600298752,80.88680291313082,64.66754620160414,91.45167198408436,61.08752166731526,7403,5
3ef98781,79.22492860461247,26.904696016195693,13.36329771022866,249.72702467582985,74.1793350557319,5343,3
bd4ae5da,79.03874430189032,80.4416495002243,47.671662567378036,107.60001563973466,64.53046503174986,6905,4
71ccf778,78.99029464451682,33.01021314885941,12.850957195768943,237.08979508457955,74.25816110943383,4623,5
06df5958,78.9439699783881,84.41449050749031,40.42788060970596,106.51901828886582,69.27282579520063,5039,4
1e30dedf,78.70541339213156,85.37831599912954,40.81393636378143,103.25108520648571,65.21779591921504,5474,1
dc7f9757,78.36808241774881,51.066129817168274,17.388335493725254,193.95173454293342,74.71052070131084,6203,3
261785ee,78.21454477252522,83.50500355842777,48.38981725186791,97.4583547213774,72.93724314966198,5512,1
eabc711b,78.15731973376515,52.27919030756247,15.08552273791118,192.98537558202446,67.39906594362627,7314,4
37344c2a,78.04675508870548,72.07641214236484,23.537035403921823,144.49716066617043,67.53742999591593,6943,3
99529c45,77.66872482015631,71.75813512220631,40.87767136888523,126.2809576673274,68.25224989973461,7591,4
bb682ebd,77.38727361178151,61.84779633108536,31.778372950654372,154.07512883430095,66.71379591255042,5931,2
86454a6f,77.27109995791932,78.01758659805833,50.49287647992144,102.55635015563914,64.02769839825655,9100,5
368131f9,77.21599622742555,53.202527682984524,18.71374230157375,183.7451872421594,66.61477871114216,6568,1
eb934281,77.18110637584455,80.02492153867898,35.740170877831105,112.93441154818913,65.9899190248603,7812,5
45fb3e21,76.55564546399077,55.39895442913914,22.11657879598446,173.30809420170038,70.55071349767341,5626,1
9a95e33f,76.39762352541315,76.04143588091402,42.54195155842088,110.9656707814037,60.016947308705305,8156,4
91abc4c7,76.36156616407153,59.579997639750616,50.40310953419909,135.88315984258583,64.16098174812845,7787,3
b04b58a3,76.3201758024195,63.948896642861754,41.273957468964724,136.10895245498975,61.69244719354349,5229,5
593876b6,76.24854602842375,64.40457334667815,29.901059387091507,146.2839780332472,66.24852297016707,6366,4
173ed841,76.22287310949054,42.99254125236632,30.59386627659349,188.31254365663602,71.02565316333396,6530,3
e85074c5,75.78396898264558,65.55194775138708,15.936293254734535,156.09568717307363,67.58469628427544,7236,3
729665c0,75.78177888147512,50.28600970173564,30.708622654503564,171.84647346792562,70.81598398444665,5775,5
7cbbd047,75.3255449251982,58.78217874163941,48.87093655146371,134.86688566605028,66.35208364760547,6790,4
a5aa7973,75.1927533047309,46.25271453871662,35.60211323976174,172.66347090172863,67.26749728699896,6449,2
09053135,75.14630673309625,36.800768956986374,21.80778545633755,205.1759035620747,71.44008467325438,7715,4
f631da6e,75.12591681408409,81.29737803463526,15.471387454025804,122.43752373304007,64.19196598524422,5604,3
060ab2b8,75.07806885916781,73.56506923489445,25.065107567915337,128.11702939896702,62.06601831053854,7818,2
ecdaf714,75.04128467542802,58.52072327537847,25.21400369689398,157.90968845406118,55.56694010421511,8240,5
d463e527,74.8371012744693,48.53495780483859,25.576816280357956,176.70167320784208,60.99556432965104,6991,1
125be846,74.61961600261918,40.10851653555159,20.867348345431775,197.39408259394176,70.58334112415183,8033,1
2d2d0c6b,74.58052782136359,77.67102011049731,15.669804542752741,127.310266521707,68.25310645631293,6967,5
3ef6372a,74.41906394955544,39.57062009861166,6.059772006381855,212.47524359461656,66.88920514923407,6666,3
9314ff13,73.96509521938243,32.40328800148983,30.215643684466468,200.83816119008364,69.67938724184167,4494,5
204cc64b,73.92401461398514,60.53615290724018,11.010360729780631,163.61339191167957,70.78529429630734,6454,2
698930d1,73.54288638400888,49.95668710542991,22.714240689088562,171.54393063608717,64.83384098588247,6498,2
109d9d70,73.18170272476394,52.233518706856906,32.41536753105379,155.84440595428816,53.06862783041808,5851,4
d5df0ff5,73.01864991991366,73.78355824088868,45.01154013717253,99.49594306070476,60.68217355368826,5490,2
543198e8,73.00303743726556,76.65822155244307,23.640772497391318,115.05493414678479,60.57754088608808,8311,5
e46f4ef4,72.93137693625954,71.13783710258804,50.933882369631064,98.515951170231,62.50712239082651,8930,4
a79fd2e7,72.22061059099303,38.30830739920948,24.66466608933121,187.60116147622196,64.58886836357962,6327,5
69c1bdad,71.99538496583368,32.77358806032768,16.240156936177502,206.19420680650185,66.52619544787018,4645,2
25939962,71.95991130484938,70.66432611032285,49.499447298959865,97.011545699792,58.55368464971906,6071,5
656a067b,71.91849285459091,50.454780045013536,21.06937163563221,165.69503969270434,61.255741220630235,4896,2
2b06ad65,71.8486287083203,15.772464241132052,4.651721157974181,251.19786519304293,68.51417222104364,5706,1
a6ed2eff,71.31312467448868,40.732125772739025,14.709076113733312,189.07917103874334,67.72389954692721,7054,2
4121c517,71.16526359345016,46.35390643345279,42.6425833697434,149.31065813715165,61.78940237185547,5471,2
6ae68655,70.8937781822495,21.126419003439878,10.829262491256898,230.49301223086138,66.931372764016,5948,5
ae35f33a,70.75080437166372,79.83323464380175,20.91774391515322,102.41900428389819,62.28160059188606,6469,5
283269ac,70.49547132046007,19.55493112299673,14.442468134832328,228.42955490101448,68.01388397314938,4567,5
77e4821c,70.29002255389445,77.14364448260353,26.972356446072464,99.90044480429823,60.108641580709886,6540,4
2fe023be,70.22823963303101,35.236338821027765,14.34631330024347,196.09396758982504,65.4257746821344,6060,3
be063506,70.17348422680857,29.93471949807366,10.604027532335223,210.2204703787517,61.78610785907013,6539,5
f40cd091,70.12943567467144,44.5365982501462,34.80445524079558,156.6400909575978,55.05511334575598,6776,4
20096916,69.65582859419048,36.544013617166726,24.450638106748524,181.08464903567992,63.217311738484085,6880,1
84c3b497,69.30166341365674,81.17574046881349,32.45993902116126,82.3952336958387,62.181865199538876,6887,4
a4719920,69.28980266340963,22.055541878604053,13.726751991186125,219.32137490524428,66.89323351163037,7495,5
62569ae3,68.53579274326472,73.68578047849417,18.766979617719056,108.0046303983515,63.241113157581175,5242,1
8c8348e8,68.50708726016546,67.17181736085777,36.04317980117374,103.64153451777253,62.846527937430636,5581,2
2b547943,68.50107878313835,36.37017235255678,13.332457381852448,187.9315130455874,65.14792805129933,5131,2
389ae58f,68.08542083527317,65.12217362472904,30.037547089096662,112.0597890025379,55.922358998703984,8201,4
8b9d8326,67.958838318499,69.46709857481724,49.5801548865984,83.32100123776314,54.12147820708971,7832,5
f6d009f4,67.84843913178196,66.9455250167725,29.815922002745232,107.68678449083762,55.92887483980866,8003,2
d90aa14c,67.75006950477695,66.36356911371253,29.059124154693247,109.21401563698949,54.5563314274285,12141,1
2e63d9de,67.39227120929846,73.14570326244079,22.290186348187227,100.98749196412501,50.58327335244932,6505,1
4cd1ac61,67.25894544122707,54.776155809408976,37.36494073229061,122.11852941379973,54.19276547247503,6709,1
59f8b2e8,66.39845327332739,47.11453008244948,30.78255991730872,140.58219301110188,45.04204193886034,5668,1
27300fd5,66.35463125961775,65.7061991805777,47.575762243774406,86.43036443354121,57.904868116763105,7386,3
10a1281a,66.25096603735128,64.50605977064731,49.39430518660774,86.59743942150273,60.275975821779866,7353,5
ebe69318,66.13215616437893,60.47044333836456,36.845445554787155,106.74229242599941,56.86323407751979,6718,3
8bfa881d,65.89466867291063,70.58811718461934,33.94896916481977,88.45347115758408,57.29585553938939,5843,1
b3388334,65.76440933149388,66.65952224087046,36.79079887659523,92.94779396763941,53.48661372428622,7807,4
a7fc3e6b,65.74571362365938,65.7433171704798,19.468061809404347,112.0281583442736,48.06980810617587,6378,1
2043abc5,65.56132380452759,52.93741441853014,30.830171843824726,125.54029453722538,57.98377468972923,8513,5
992ce078,65.31469284547511,15.144594726928553,8.148016252361286,222.82156567568202,62.58573276493337,4661,1
726f3dc2,65.09902993005917,22.737772608608783,12.607486513931038,202.3130879890881,61.65812068558239,8619,5
c70c0e01,64.93927530744443,50.82013558526812,22.345772425196095,135.77105763404538,56.028700660957185,6057,2
9ad5410a,64.73190712441837,38.35286205611925,15.521421757760082,166.7004826276749,59.032216900903784,5749,1
1beca81d,64.33881950461041,71.85962448232192,35.815905423414705,77.82012363038311,53.94740049448531,6650,1
19871e7f,64.22454994329036,47.02933375498263,21.14543513670393,141.69409712649224,57.424817044599905,7152,2
044af7d1,64.10137273459478,75.10687123651007,20.695045309953624,85.49670315540534,56.46780197527023,6067,4
96b7eea1,64.03858476801904,40.98293476643104,27.325954067692383,146.86251547152168,58.003055672356695,6078,1
3c3dbcbc,63.23246638971281,37.72803854731652,14.56143119629899,162.91235726791922,59.130129284577464,6911,5
2d0c268a,62.974542113034104,57.7021418466219,33.911097241471964,102.58278751742063,55.37139370688784,6289,4
8b12bab6,62.86982497531619,39.30962196232637,12.92930105718398,159.93075491942804,53.259724683541116,6980,1
7e721392,62.83903486534844,43.04131723346811,20.966839129024862,144.30666586543268,51.720349980722105,8301,4
ce8399b7,62.61834029294592,31.84336713614244,23.216519560181204,163.57010733931762,56.47745369426351,3548,1
76201745,62.60189898713074,53.844200395481764,19.169774828977772,123.54942032858165,45.853175488354026,5858,4
22c5f93f,62.35723949451901,25.72186463100678,12.426243138461638,185.55898557760082,58.32265331492342,6919,1
8d92cb49,62.213474629017774,23.2980074440453,12.146008950326006,190.1118746776545,60.475687401366365,4839,5
7d57c75d,61.570080199700634,60.49145358479605,25.529980263435085,99.76743336577537,52.08730120388294,6147,5
028d7b28,61.49692634139935,61.7971684869259,20.637172907136605,101.75619548460902,51.71884665108594,7761,1
1d3fbf02,61.37156402277672,36.754163118267016,19.370456683393737,152.6074731711791,57.15825447661008,4252,3
89969c7a,61.32447890288459,64.9188155196512,34.19427071612887,81.26601385610711,50.696375417369474,6317,2
a0b83014,61.313275017085495,55.04359123327305,41.51847596332906,93.64744163846682,53.27858352382778,6873,5
9def2eb2,61.05173923204585,36.93168855405466,29.853890348365915,140.48968947170815,58.47271226791737,7750,1
0be01c24,60.907830791742356,36.197326854391505,22.51505112119794,148.72161833698846,54.43013640513869,6385,4
1b82b665,60.4547831919413,51.34865161835832,30.404167492339838,108.71766203870872,52.69998644286586,5364,1
8612b37f,60.345401924761504,49.75686664107803,11.562441785442807,130.30543263144716,49.077144429349275,6807,3
052d64df,60.262567571151465,10.963418811501862,7.590568320943859,211.53286434065828,58.73290005114974,4590,3
1590af81,60.24946298233827,32.65089967183932,18.058908993723318,157.63714359195112,56.36334992751312,5231,1
23b9beb0,59.999544643509104,43.75766569115255,7.711873298677304,144.770973893054,55.12931787428568,8790,4
72dd8501,59.90197938405441,31.143657756037427,20.698171612728768,156.622430411414,57.04841152524579,6928,3
ab18d3fc,59.82397972187569,60.9989544178795,21.48700658803466,95.81100346370908,33.221975650860045,7337,3
9c211c53,59.635300166008065,45.511762914833895,24.677803384803102,122.83987144956139,48.33519183485474,8842,1
67a8da4a,58.919425971143696,24.725896885072586,11.94743650165114,174.27847361277847,54.46640802778712,6645,5
84815d5a,58.513367359157215,53.846190896812914,44.151705939295525,82.20938170370752,51.862992940391734,5286,5
2fd68f7b,58.50051793041396,51.19628576705538,36.688744190960904,94.92075599658418,38.816539054847595,6381,2
3b21ea64,58.41477951458491,64.45277191543343,26.87072152134429,77.88285270612845,49.81029158259418,9103,1
53134831,58.18699075564922,28.45468411001903,22.379775786557087,153.45881901600174,53.497111916684304,7214,5
e25f1537,58.172153131964905,64.28164478329637,15.470362194631848,88.65496076663501,46.18721782257606,5018,1
1131525f,57.726728507049444,73.20511335412246,7.3262045687910575,77.17048275116179,50.74033620111775,5548,5
30d75030,57.26647496457449,51.92892765803224,43.86119147905674,81.34685306317674,44.16961079198789,5009,3
9d4272e3,56.89555192583807,46.68656494525817,15.952302761853142,118.2567750509828,47.96970192943626,5771,3
b37fd114,56.5988533881583,37.26391148198003,21.862814994128986,130.00477559454413,52.95735550028937,9786,4
94d813a4,56.53096396071105,28.852964004403063,20.394372818445238,148.02355501559285,50.92830828885349,6591,5
78a4a386,56.36972109820991,36.72455906043054,12.014083050133225,140.01568322184534,53.160882529016675,6246,1
c908edd0,56.04656925837051,33.08083222587047,16.719731943082106,141.30488063865897,54.26261216292392,6751,2
c1708b88,55.12834706943879,55.05407904682643,26.039811461377848,84.36541872272446,48.63112991818058,7960,5
af7a59ce,54.952620030380615,55.940790753198065,34.67191924653292,73.25697936859339,48.011107131810334,4330,5
7a5660b0,54.32888254514539,57.98489422477325,19.80454303517919,81.54119869585587,47.26990760625214,6936,4
cd7f1687,54.32025414186487,19.690038310380682,11.72725728446117,166.17368266223696,52.61220324399473,5981,3
8ac2f237,54.23477033118009,24.839929070887756,14.832853135973975,152.42637004697087,51.572714694466896,6775,2
26d3a96a,54.21408968033991,30.48396164017489,14.600751537526067,141.2876839034838,49.09271393916266,6465,5
015fe0d2,54.03419985004021,43.25070483460818,28.077363478917373,101.55802625202712,46.991141019712686,5950,1
a783cc24,53.933789597569415,31.240986438741594,30.27428071480115,122.97890479799334,41.006430465487455,3275,5
5beded95,53.82653282930966,49.44272560965928,7.532420222886813,108.8882598750333,46.79638577199186,4779,1
fc03f21f,53.7942178169933,16.62538307979547,10.812497517239587,171.11360759114268,51.13906504480273,6202,3
df73b8f3,53.630278667240496,47.31922155383892,25.8508177278375,94.03185383344665,46.83178937183173,7150,1
4f3eb9e9,53.563054079796544,32.46980121659131,15.412351272957382,133.90026261304618,47.95953264757546,5911,2
65156b96,53.36678141306521,43.29879393984531,33.066254006759216,93.80328376581102,45.61545785192378,5046,2
925a7cd1,53.183891525244036,37.13451177981213,26.496172542964846,111.97036999838706,42.00543602148505,6501,3
5a63b5d1,53.14695028639355,36.92547368173968,30.19714220919083,108.53971157290401,47.81413417336607,8052,5
ed6436d6,52.99657970590707,27.620488813023485,13.258616452129427,143.48672474545188,49.47604315817247,5027,1
ba48188d,52.86056300180576,54.20345865131399,17.749546119077614,85.28578858551745,44.66300545254318,5534,3
6dbe4b60,52.801256205759344,39.35627695649159,24.558509874183557,107.93396103587064,44.56058404752753,6673,2
cc8a1d57,52.61599935709113,22.986401509372143,12.056200056231525,152.4349943533887,50.49965509607374,8321,2
70925e23,52.51146249175646,39.617523773496806,19.403894231967296,111.40690818806493,48.80045588617522,8072,3
4cecf7b3,52.49058376607045,49.77929624130118,30.252884284275343,80.1508582974041,44.68083812932607,7676,5
7256229b,52.46426777412367,52.76726569125994,19.081327405466443,85.24121230850835,37.15071894813027,6972,2
33c40295,52.44062893262338,30.416248796709635,7.897532260365782,141.03248587670848,49.295765778627846,5989,2
09ec2ca9,52.403279881264275,13.85308719422927,10.580837354581575,171.32610778201698,50.25650380734622,7824,1
cb34231f,52.309675658499685,36.83114970389033,22.24648039731023,113.32992282890784,47.596304539931694,7510,1
2ab29395,52.23329635934303,18.908987387584325,10.873303153995455,160.24190750820802,50.25921961328564,3325,4
2acc78d4,52.177495038868315,51.21846587921661,28.896314028719086,77.37673436832095,43.19472694790259,6109,3
c6c96179,52.14708303946354,56.3265256548061,34.30004979448451,61.63523105375745,45.39177020988192,5813,1
d9d6d94d,52.05084059357438,34.378474821254656,12.274102846657184,127.17230988513103,47.741874508747046,6660,3
5fffa282,51.5840626277433,50.58276776459229,20.475216733819597,84.69549824796903,46.06613696380297,6223,2
d0a0e7b5,51.544680545768024,33.52444081948669,18.357847911560192,120.77199263253853,45.760813853843395,5423,4
1f9afacb,51.24953109139766,22.154111509286473,4.46350618071874,156.22639516629894,48.978899623619014,7054,5
ce55ba43,51.20377782577468,48.43071316287882,8.365968532628758,99.58771644471234,37.8110633904513,5658,1
c6797dd7,50.814096213877725,21.27929344620758,6.381339318626971,154.31645864446878,49.225394567023,6281,2
c42fe306,50.236696324320235,42.091283915681586,14.660052989717341,102.10416447620042,40.472982951136316,7023,5
a85e4bc3,50.21271895305011,21.970130452102616,8.14249363982382,148.76812126817137,44.422463113808874,5993,2
9a8ae0d6,49.807572997144064,41.402258638476866,27.929644475933497,88.49613023568902,46.545590465079755,7835,1
d0a43760,49.39393013830852,50.01206122314851,23.130530857846956,74.4210672490901,43.86194834197332,5502,4
93209a3d,49.01485667038754,43.76766220434717,31.606858970893676,76.91724330196213,40.693846722002995,6300,1
1e5e3573,48.65213468906913,32.903309329027906,21.934749821796064,106.86717027642464,46.27353396682584,7126,1
200d233d,48.311999052161795,26.21926959320239,14.20644584546237,126.60301117678003,46.711099954885626,5896,3
c2c6fc71,48.24673889745628,43.094621797944875,21.893015922983352,84.90469607095203,38.50796111962068,8840,2
3bfee975,48.177623499137795,39.50373884306043,26.381605176072796,87.32141113435752,44.59609256568737,5088,5
d085e611,48.02153841719522,44.71146648183896,17.713384654146854,84.9498360509561,35.93132923247797,7852,3
7b38844c,47.89299545081644,34.29826336189606,29.19667569035421,93.77877938911945,43.45560939628165,5197,3
5138a660,47.60177044008813,37.30577312218897,21.178811508167687,94.61672400780691,44.96805952627627,4829,3
9af1ffd0,47.582709401911465,17.608776540474945,14.732125769869734,140.38115875682624,43.89202485487913,5454,5
9719aa04,47.532372432097205,27.86619414108808,10.569307491686962,123.82779395452569,42.3868979001728,6665,1
861e71df,47.37809327582917,29.26365563189846,19.595886514955748,111.38917532456402,43.13954006711161,6284,1
f5d8aab6,47.24863999053643,26.892002310396947,19.142185419238917,116.06836992211294,40.17936454935964,6576,5
ccedb12b,47.032731205866796,13.6583461653935,4.18600229388428,156.6282301987959,45.09408637267036,6427,2
65a5466a,46.989847540387956,33.348867953813,16.64944586028134,104.61220839364448,40.597964194694256,6117,2
19137a89,46.7264693123181,34.32490154444253,19.01415337522982,99.2419207851575,35.84987208506465,7958,3
e161bd0c,46.31590918034513,47.36171608595373,27.57069457090125,62.969509978571786,38.73929297519004,4813,5
ab3ced07,46.31071861570645,33.180624053754926,7.885170418830426,110.99645593648553,40.4357120840991,6008,1
1b6ba517,46.167899206399305,27.307384885860866,6.413404168178714,123.64342288569678,40.2095485553113,8611,3
276b012a,46.1588024008252,40.548301465448816,27.165043027486863,76.3735636449163,39.31428880764316,6291,4
c03fba65,45.78755312733113,41.980858931850335,13.180826374946106,86.00766827067774,39.88889864108219,5669,4
e7d0c1de,45.6996269349101,21.141595666939658,12.819824115403739,127.69549229035735,42.72759832814435,6455,3
93f5d2e6,45.62440173892296,38.337962038968236,7.47661373401279,98.34506914374258,36.59979976282861,5171,5
91b301ce,45.49413329530353,35.36832064008098,35.113004425199044,76.1268874758531,36.32611280345248,8512,3
367456ce,45.46557376063917,35.022403833258124,22.42148204403189,89.39600533200851,40.299627742279725,7312,5
d3df146b,45.41488946835129,36.71864307131446,17.915238539060894,90.30703319171536,43.18062133633625,7252,5
bb337fa0,45.36993920836447,47.06213876452312,28.63042314162935,58.72505616278231,36.64114855271155,8216,1
79507629,45.354621716156174,20.743914892722763,9.877902662054462,130.0527544171247,41.815350833468806,7320,1
0bbf5e67,44.99115017249765,35.02167192234871,27.20296645143282,82.71829039386034,34.047831856239725,6031,3
dd6bc5b2,44.67685262189526,48.246329833555144,15.403145657794212,66.81160516267653,31.55049628926728,5764,2
3f603129,44.48293066360746,37.80942134571455,9.292411861061368,93.02046810193937,40.94800303722674,6599,1
54753541,44.19683981248923,34.03729233403635,16.86070642018789,91.85206816169634,35.631945863460004,5679,3
3aaa2b30,44.02173315375748,32.58216825673657,24.72148906901252,86.20110703254427,37.1414397776322,6396,4
c43812e2,43.77944144224762,28.723835503087166,22.484505564247463,95.18558919856866,38.89874499525189,7293,4
58850d2c,43.67232697677318,34.30430563807002,21.962964070325476,84.1177325606272,36.129890290241775,6918,2
aee6393a,43.594881631998284,37.68514860555439,20.182535226563886,78.82669409032047,30.217104468082017,7146,5
4ddde4c1,43.47251549638179,20.405636405326078,10.837520600807366,122.24126857406763,40.34439942176303,6417,4
374be387,43.35519955987468,28.33881246509231,24.511023578662645,92.23214973065144,39.42549019946065,11802,2
2e29e833,43.34702105920253,39.99755081278269,18.08485278004361,75.30812983120116,38.3222740621241,7254,1
2fa01aa6,43.21077679995136,32.993575657573544,20.462353618529498,86.39360226612885,38.64499050199045,3860,2
00bbac68,43.11196861160845,43.0934618155934,32.731273906133914,53.529676909113086,35.15983343490085,7559,2
46a7190b,43.02808047078449,26.253167283942553,6.6144139166411335,112.99157339861172,34.69109377638951,5646,5
cda7eb37,42.82243221920378,9.700789501724767,6.148085656923142,145.74006421644245,40.83325918089647,7620,3
add9c322,42.80439978116028,31.630945254999844,24.281497827911053,83.67421078673037,37.68233642860519,5519,4
833af382,42.72499458783888,21.07101010216374,15.645703669035518,113.11225447799252,39.83220900626013,5377,5
3a824aa7,42.70589808544671,21.613224451753254,6.385326719071169,121.21181671920917,38.61697175186709,5678,5
fcfcc902,42.69064282359968,33.44428979578505,18.985575802308738,84.88841590051987,38.41608691986474,4665,3
73348914,42.68615472593817,41.659208276136496,29.133736114998484,58.29246623648119,37.496272256173135,5686,2
ad2133a8,42.65951247291069,18.102389856038528,8.061787463742217,126.3714827158235,40.04517493403898,7187,2
43b06c70,42.56531301897808,34.27957021914942,12.934801937562026,88.76730970005144,33.16358418079891,6590,1
a2e8e7f6,42.515539254622844,20.319166573893273,8.79262442331695,120.63119944738789,40.33523297414223,5812,2
a9c9b150,42.39982748739079,22.18368794193652,12.418146010413471,112.81378805527663,39.48336836633081,5826,4
8902c3f6,42.3256967800315,23.07940564350428,6.280882861823618,116.86309297129381,40.070158243561266,6533,2
e0f36d98,42.321253908971,41.95403037058912,29.621599089124377,55.755355805581395,38.54394878483238,6714,4
f0188a48,42.203148993206554,38.166111704283644,32.462586729266405,60.01778583499253,35.78456020323505,6139,1
b1efb8a4,42.094311261081614,36.40498960250807,22.402441940601296,73.16482389870905,36.72801958541842,7562,3
fd8f77fa,41.94937954345991,32.64747577092817,23.691036854523347,78.81152977745995,36.0703433806207,6756,3
5aa03df7,41.87035667826394,35.986831437717825,34.78451538420978,60.72324845341033,37.01524928297706,6752,4
a8ed028a,41.793815619116906,37.482343665789685,33.91247819586698,58.29809694902126,38.0454937039263,7310,3
dafc88c3,41.72099705657279,28.584836832599457,9.417373712603416,100.29694084848884,34.73646739808741,7187,1
82aab6d2,41.68139375648063,32.63837731484104,16.083863241099525,85.36495715514093,36.035441943793494,7889,4
ae8959c3,41.4001070879958,42.89136500545197,29.458283293879152,50.359415047200095,32.483845041845626,6645,2
a76db406,41.306479252611666,27.19995307951577,3.0978317085533007,107.72817914286183,37.76885865309889,6451,3
ec0d597b,41.20986385352357,44.20910697064798,23.079632465712418,53.341609007085914,34.5219853104809,6452,1
357c12f9,41.1571588930683,44.413609309672395,20.8285141777753,54.972902775153095,34.297465995633196,5770,1
fc0d20b2,41.14543847976619,23.623671298724187,15.474138136316096,101.8602731853003,32.87806054866309,5308,4
8b5be31b,41.10660206531207,31.37415933458482,26.47462344747376,75.20346614460486,31.272006941371696,7439,2
0955cd6c,41.09119879331784,34.53546303715977,25.386657006463082,69.90721209248873,38.80458185469088,7125,4
94467f50,41.03633703922992,41.50703608207027,11.275519626915534,69.85575636586361,33.08812194846543,5116,1
be83e781,40.79931385014309,39.429401568184474,26.79281341866196,57.545638845541454,35.641867018923556,4776,2
177622d7,40.68781844785896,33.640352666745436,30.863935688179186,64.60663276976577,34.14444900278657,4699,5
8995c945,40.65082713275728,40.64970895462078,25.059374965042444,56.2445156567451,34.82949993729693,8198,5
53f23031,40.57759888662167,28.045924506231678,5.69759357195573,100.52095296206758,34.091708687339796,10200,1
b32902c0,40.53448502272714,36.45136180329575,7.59715701450998,81.63805946980709,36.3877387176955,5737,2
8b95d6d1,40.522533603155225,15.328304477685176,2.2036360714919736,129.22988938575858,38.76395972188427,2783,5
4936af16,40.50176039226836,33.033677141602546,28.99061583658905,66.9490714492793,36.506357371868916,5559,2
6e6d122c,40.49868019506725,41.81923671501239,25.779064891215377,52.57718245902887,23.740024168434893,7083,3
113011eb,40.431346821840165,31.737929652832264,11.06410202438412,87.18542595731202,32.50102089819039,4561,2
9f0c7bae,40.307627691475496,30.807315528295177,3.4047827072574224,96.2110970020542,37.02725885855538,4040,5
dc5fbe29,40.29144403144174,29.645103667180653,10.499358002716292,91.37621078868938,36.758540655101925,6555,1
5a5269a9,40.26013106635532,23.076740387282673,22.61636734742457,92.27067614343136,35.392426838107745,8053,2
fba7683c,39.9746346166797,26.933448543828845,14.166523680758534,91.86511769830258,35.03899854402498,2058,3
203721ab,39.88968633310885,24.053646760349743,9.154705871415267,102.29674594032063,35.069630015462025,7235,2
37d36812,39.83558046362673,30.72796305017487,28.611228638008445,69.27516711614874,34.67375088176823,6017,5
3e678ea7,39.74967837605102,42.34174259547676,24.690244089143373,49.62498422410721,31.714790549787512,8737,4
10b89021,39.65273745132774,32.14550580938332,23.179581150846197,71.14035703569812,33.27842084129306,7166,3
e03b45fd,39.608950458845335,37.988940004025025,16.492559815625047,65.96536201170623,31.438026922582875,7083,1
7993a768,39.33815244492759,17.333052120211278,13.686669009299958,108.99983652998785,37.00146565907418,7047,4
1aaf1da0,39.31455341099254,40.96819479527166,27.50497092274549,47.81685313068135,30.113225265659274,6321,3
fb03ae90,39.25838462190723,35.50970448974509,26.537789676745295,59.47633983139345,33.26293014990599,8129,2
b7fea9ef,39.20357553493734,30.857354847145352,23.893135409951068,71.20645703550761,28.236700701022645,5575,5
d1ee630d,39.01702115430252,36.490939988466764,31.645655808064756,51.4405488322118,35.52500873246811,7879,5
9ffce529,38.988183233776795,11.197755741703375,5.5062107169407515,128.05101073475967,37.23003071806812,6675,3
ee0300f7,38.83869105026315,36.16828552981618,16.26071074206125,66.75748239935898,32.95195593748528,6161,5
5cdd8dbc,38.49949727358231,10.049557882136593,7.742568093851939,126.15630523620409,36.452929577838646,5751,1
5663b2b7,38.36019514668265,7.5717439487651905,2.8503720891777937,135.44692060002242,36.40627877234096,6907,3
368fe682,38.29272474452672,40.36605914631613,7.69572011180096,64.74306057367367,31.329556051387783,6416,5
c3957531,38.25033439216972,35.948466466416114,23.2040458905303,57.900358745316346,30.42911463845845,7254,5
c9e6734f,38.23401657778406,30.165019955825343,26.338040710136895,66.26798568934865,34.84462003689139,6388,5
f053a1b9,38.06601722234146,41.57765643578215,23.46734264802896,45.64141336977256,31.904844450266296,5952,4
c96c018a,37.93371972772862,19.014726770972437,7.0820523602989764,106.62337300867063,33.418299230825156,7679,4
512943b2,37.76715103730641,22.143800091717782,7.574779412879639,99.20622455291046,33.47676793809941,6681,2
944f36b9,37.70626862323958,19.19169081484619,15.079040376217543,97.36265248704841,34.40049073609134,6035,2
16e4a047,37.48572329701455,14.841515116876625,6.993273123873071,113.26658983043188,35.571175635267124,5684,5
940a48d9,37.16606034373234,31.204892782475795,22.258846348106783,63.99560946187099,32.534239202303034,5627,4
1b1eba53,37.04483458021578,42.57126120226918,12.369166578061778,50.66764933826299,31.474009230675136,6710,2
992c99e8,36.922879414620795,15.259188738543827,8.931567450752791,108.24157273064273,35.12597352776366,6740,2
b38e3116,36.808894112081354,21.615959158130888,6.380478801704113,97.62317933035952,32.17872445169705,7954,1
fae0c593,36.412997695794935,23.552377526648858,17.033584557077123,81.5136511728049,32.42806919689915,6147,4
4f69febf,36.40477701803086,17.49582626607384,3.9989428738787045,106.62851266609705,33.724104588931326,7599,4
8a9c8932,36.39976289193192,27.82494771576917,16.895685912046233,73.0534702241431,31.09341051609917,6344,3
75d20a82,36.327058636047646,6.504892788880767,4.192737037916987,128.10571192851205,34.747787251042084,7002,2
3a86fe8d,36.21333442151604,39.180693210341346,16.32513243352884,50.16681883185263,31.759884814397324,6572,2
49dbc14c,36.20380328413839,33.57100745566761,5.603748426711065,72.06944979850726,31.68725642722187,5198,2
cdc31d65,36.13717162846712,38.81356363801697,13.362095979425485,53.55946325840906,30.633720823326545,6608,1
481de5fc,36.10110413670309,8.797517010565521,6.398078623074536,120.4113039026068,34.49429243229709,7694,2
bd2c2f34,36.078077343766736,35.419688053576486,20.23563099539227,53.23730227252171,30.42977728455172,11621,4
7bb17b96,36.05688827194393,22.951255137081333,10.484500314588727,87.84054249902432,33.493889787858905,5295,1
633774dc,35.90545287256868,35.46325282174184,19.284727390405276,53.410578456385764,29.3276748923029,7972,2
57796579,35.84347063692391,25.723178293449667,9.524880735997188,82.40264522479912,28.32884890988323,7622,5
ff8bb73a,35.81017393728409,29.286045512934614,21.15295230158046,63.515652421686674,31.500349647511932,7670,1
69e41fa6,35.71054753144246,38.74526278900281,19.100695437939187,46.25096910982503,30.70100960337666,7167,3
e9949a23,35.70641240585054,10.921187842728987,4.447340826555944,116.53593311138825,33.70466412681405,6407,3
46dfcfca,35.665984803498546,12.846837557582855,4.341451817971043,112.62881228085742,32.62056362049139,4921,1
dd7d638e,35.56830798805787,7.0748332587828955,4.093823001290962,124.02974243337471,34.27481310632905,6046,1
e5864244,35.54773482862083,33.047398175114395,15.063242615613534,61.03290034864101,29.335849085155417,6037,4
efde6ac3,35.5447590437669,14.235424912190632,10.603911036246094,103.10427531444024,32.49792649068676,6220,4
529e88ca,35.49040520635353,30.142167464294115,12.629609498547147,69.04767639827872,27.728990124117395,5253,2
f8f59188,35.450688780241606,28.928867115088735,8.765273972757143,75.17974691803182,25.86082953655997,6740,5
da940160,35.367685428014404,11.57373063353518,7.790526931152868,110.53275351383438,33.51826077448028,6792,5
46d41ff6,35.312103556168694,35.5532801967948,17.13432171484405,53.00753211624113,29.833309346637446,9226,5
153552f5,35.26578727386444,15.676531558399814,10.557506957412635,99.1525790212455,33.043321012810395,6498,5
b977be4a,35.26109396553927,33.33681795867359,10.709608661910563,63.66113128289932,25.28755007083079,7495,2
71642c7d,35.23346566987275,35.993983110793096,21.776679682722744,47.169216775182065,30.29433716260069,6657,5
5bd25f59,35.1807986066032,35.81205063607022,27.694546992564735,41.40454616170761,26.71977029218963,6120,1
9b5b61c1,35.0649680476463,35.82636712394417,18.433857970128113,50.173279972568736,27.612177275846115,7215,1
c1d046f4,34.999249387296985,28.553587745191454,20.051323581237,62.838498477568045,31.889653690537855,6917,2
eb640a35,34.975561466322034,30.157194090795002,16.448740517817036,63.13911716588108,27.487582520464663,7782,4
d50c649a,34.947355114723386,19.740435611125655,16.734704070319964,83.57384516632227,32.60299618291683,6548,2
7b2c7b3c,34.734937552539705,19.60874413732882,7.3120865186739685,92.4101754168272,31.946085004204736,4231,1
c59b6c4a,34.62372058141136,18.536054406228004,11.329302525755168,90.09347098743427,31.05689991381456,7460,5
9896fc0b,34.62160702509983,29.839178445505755,24.982040163902013,53.82603104548579,30.307964729468974,5109,4
197f8a5a,34.543255837447546,24.354088182322215,11.481376686622065,77.9834702985237,30.576587614907552,8248,4
eba6605e,34.521986705666556,34.491719800853325,26.117896655515036,42.98661056544455,29.421328276423772,5719,4
14ab73fb,34.48624814224732,31.473858931850103,12.198372351155871,62.7989023541332,31.61931693383512,5279,3
4654e7de,33.96351430916877,33.30270196703712,11.59839238017676,57.65026092242406,27.83224754273254,7010,5
10be2420,33.94067238658841,11.938325256657736,7.258342683206349,104.62769634983181,31.99800135167311,5203,2
60e37807,33.92534279783985,12.394873303270073,5.526297689542807,105.38532689527645,32.02930482886757,4641,2
da3cf798,33.80899469831813,38.218251912661536,15.34600819139587,43.45346677655359,25.483781423376364,7591,1
f321a31c,33.68277500783264,35.76129898347274,8.375128103806725,54.83337396057835,27.60752575083478,6555,3
7224331b,33.54998522177346,20.324724991067875,16.248248363132983,77.30224254182511,29.95985046129275,7566,5
4a035ec2,33.52055326409931,25.392495567624323,12.654303611769917,70.64291830937869,30.55999322853796,4522,3
d7ba4f9d,33.489315787216526,30.317012131045043,27.995269840463017,45.327969046313015,28.16932233630744,7771,5
660d9546,33.2951757729616,33.391326040569496,19.138745707543723,47.25930530316369,25.925738815269366,6140,2
3417285d,33.247097029389565,34.94881509979071,19.922132846397723,43.16862507157913,26.34979953538409,7458,1
25fd32b3,33.20617799667505,33.1518764147299,16.650189617508463,49.87076953973195,23.64525864815332,4546,1
42669188,33.09733663178999,29.852440175906324,13.273778935796312,59.41068723955102,27.60604174103245,6080,4
e748dd88,33.05811685900641,16.21528390095214,12.366925297886503,87.43497433623486,29.264743724396812,6264,1
ab6fe95d,32.985266702572915,33.228354588479576,15.829959808755879,49.65439782457662,19.48580122040179,7424,3
6767c111,32.81306211089151,34.56331799676332,19.077635929539845,43.04797652049954,28.292489748303566,8354,2
7d50373e,32.78076294785256,28.845986947333273,8.447839501884568,64.98323839485911,29.517507683185123,6494,1
b19b0395,32.69928465747328,11.043629514662026,10.074858278151108,98.63502132241796,31.066700493831576,7196,3
155887bb,32.66413539173382,27.172939779753563,25.09444355697569,51.21621845045246,27.24213167420848,7062,4
cc08aa63,32.608238636342364,9.668060744190614,6.128150150894611,104.9686829060936,30.809653681920192,5018,4
fd3b4faa,32.480223419508484,35.757378100579075,9.855117172069418,48.55102030480637,26.933877932848674,6956,1
ae069086,32.45080168110459,10.529024244162223,4.800148752699158,103.94500948339478,30.63424796621335,6741,5
9dede370,32.44561604568923,33.7176892518404,20.543058235786305,41.80402744328981,26.41637383731832,8057,5
ed6e6e54,32.41749600147608,13.619803955830061,9.283533548932262,93.14684254531193,30.07532699873996,7385,3
70e1788b,32.404210594291676,31.544824164614624,24.256397324383002,42.27079672355445,26.93225488959878,11338,4
c03b9305,32.380693057337204,31.53533600666042,30.36737033390143,36.084729882126545,25.885607965848415,6067,5
55efee7f,32.26532166462504,18.42163070620478,7.638849871192214,84.57917537489838,29.28942889495807,6577,4
3df4b19e,32.16406409409681,11.161564062877758,6.5940387610213325,99.7390894896104,30.702675151798154,6658,4
999daf80,32.161797357343545,28.01466305144219,19.336537496710466,53.281325829779334,28.304755465477548,5439,2
d6c320d9,32.03842544043505,18.766250542600222,16.12112344532831,74.50007723121143,28.532225132925984,6946,5
0c1b160c,32.03233710061996,25.121887937218208,8.623113840829397,69.26245868721404,28.954634725743688,6714,5
b8c49c1a,31.959905273620155,19.15905637154507,13.508305123653246,76.01320322773724,28.63673208854488,6254,2
fef8af96,31.716802609702697,33.29518390237225,12.927293781484346,47.34954885258195,24.403391060903505,5068,3
eeda36f5,31.69939419977289,30.525330277741798,12.019027322718685,53.72788892088927,27.628423597941243,6198,2
699ea575,31.656826279317766,25.063800484875514,4.487325771403302,72.01237837611673,29.906606575672043,5474,4
9c8375f7,31.600910587638207,8.855567219570222,6.434399395808155,102.25810851560423,30.183921971306386,5432,2
d273674e,31.559162570720716,21.318275835146217,18.831708442572268,64.76839017001817,27.726680122599866,5738,3
00e12e8b,31.53733660899828,17.234057353328943,8.156630161803639,83.52460156753159,28.274630758421473,6384,3
ef04658e,31.32069714887681,26.727924782449907,9.77195671593915,62.05498231466829,25.34750998438772,5664,4
b4f37e6e,31.291809534854075,20.75411558303438,9.027352556063988,74.63165441728354,26.88044806648888,4499,4
e5c92e59,31.094989444403762,26.9877449627458,20.28479070981598,50.11967714230747,23.121487185058168,5927,1
14ad5efb,31.053469820646225,24.84931704547802,19.546345629662532,54.968899561966325,22.89613602262058,7352,2
fa16d114,30.920211391777904,33.82867228960475,19.151881615124665,36.87161937277746,27.240510935528462,6928,5
a08d9e63,30.88174650429558,28.391232726517273,23.676621976916785,43.06789858723099,23.402737701512436,5199,4
0dd99dc5,30.63981495967919,32.92057876713929,18.236386720723406,38.481715583714774,20.25713274794122,9182,2
41fb0192,30.603140467447567,32.59145566159596,7.321417370877852,49.908233175720504,27.428671277676383,4381,2
56b00794,30.55689020619876,27.40496471109887,12.98873737086307,54.42889403173423,17.256007479828153,7293,1
3932faa6,30.44907146351352,12.81321906654832,8.14004796978209,88.02979975117535,28.37762966728826,7388,4
5d11dfb5,30.34058759915051,27.97632776219443,25.47025531026048,39.939439561952696,27.00441121992116,7643,3
3e011332,30.174141967108817,17.849511966217708,6.507822504132945,78.48972143186691,28.102356705444492,4842,4
a3518960,29.98206493927868,29.943327880453765,27.966911897911892,32.0746920982953,24.56443638433031,6992,4
1b1c5372,29.921569195286434,12.469524490662138,10.776170504847308,83.97105729497416,27.74167183093379,5792,5
febb4411,29.857326273457296,30.610509164841467,9.296044616160136,48.91224214798612,25.1838890760262,6275,3
6d1d74e1,29.69373797606848,30.759298458656737,14.929691475000853,42.32666351195959,19.024705244505096,7316,1
f4d12d23,29.634042503206473,8.470367768245678,5.148688547199736,96.44674592913479,27.67298856231683,5448,5
ab94878e,29.53631789617857,20.013570745995963,14.221074419067712,63.89705567365464,26.50093822521589,7652,4
c2c4db09,29.359611854713485,21.24656856326446,12.458917559270674,62.48639273305435,23.58595782083747,7851,4
807f0298,29.306520592618078,25.0468275978519,16.826978095112658,50.305449079655844,23.774616391564216,5499,5
4ed93db6,29.264597601264796,8.146669610420126,4.738865262238056,96.02618592198087,28.158389102518647,6496,4
2b034622,29.248162094480318,15.550457353826273,6.553338683378229,79.33839498689049,26.242182213453297,6761,1
a3f71395,29.161802962251613,25.871159527759986,12.706431431352238,52.198461362134246,21.483245944309168,7040,5
d9eca87b,29.110449681415307,14.94443160907988,11.27076843184494,75.28216707565653,26.58733276085006,7932,3
c47e0767,29.08390457959628,21.568616689599978,8.559633058477734,64.63875188070743,25.763516746608243,6099,1
01869cd4,29.047804454995322,12.98329693443949,9.320934649681531,80.90368930142078,26.71359335336838,6850,4
73b1447d,28.982342228976187,24.50892357501344,16.7957813960712,50.11574036980666,22.644504776389955,7522,1
1295a25b,28.93578716528081,32.775056161253886,12.041568036766842,38.15146830184863,25.99885867182588,7037,1
493b5b31,28.857907287272234,25.400612628109172,16.28979389099481,48.34061000187579,23.698578370782606,6884,4
d543916f,28.679104923566882,26.028424464039375,15.207570001503676,47.452000764685096,23.787149876029783,6281,5
0498acab,28.62317107327747,20.488225376116567,13.713794631512858,59.80243890936388,26.03562778725103,6432,4
14a53cb3,28.54235845890102,12.010945801952477,8.614701334699975,81.53284089699915,26.605161516488938,8780,3
2e43c2ea,28.404865617117537,9.666864481343143,6.125816259497113,88.15991724628674,26.857767171376178,7349,4
9ae248be,28.33866096954715,27.708441672861028,20.018960096437212,37.918800436029336,23.224510217418235,6655,2
727a3a10,28.30642802745644,16.52562621296418,5.581600001501842,74.59285968239557,25.241544336230024,6342,3
974802e7,28.266807990884928,21.575220841289692,18.079599443318067,51.83719083764227,23.19598044866443,7537,3
d2f3b1ab,28.24448301304265,27.459620948328592,19.402356298877653,38.65633385663576,23.077484918524036,7018,3
ecdab904,28.22204270993987,27.712162752131526,20.62067644246646,36.843168893029976,24.418360293907863,8176,2
8255c867,28.12853278903133,11.63018816826405,8.45463257953307,80.79912224006415,25.839904256011998,5338,2
02e7fe5a,27.939474556696428,29.027275550475494,17.39599443517837,36.30735269065635,25.30243489351496,6888,1
a612d5a0,27.87894547047768,20.835790062408094,10.69836634609514,59.1458354109994,25.3297709993913,7160,4
fb0904bd,27.874659839285016,27.655095215229814,18.64350891410123,37.54494001257921,20.808003165695183,5087,4
466fc788,27.83715145716345,25.51185234126429,10.757560140546174,49.56734100557905,25.233817030831936,7767,2
a622ce4d,27.71233306610032,20.358109685689325,14.022644253850823,56.11046863917181,24.094018220834563,8047,4
f140c2fa,27.66975794796916,13.887147651897529,5.979815538298782,76.9249209497828,23.8273995077851,6024,1
98177ced,27.608541642561836,27.366483104790106,17.20751726837042,38.493683092296706,20.625645273837357,6789,5
4b831d20,27.60362669555692,27.613836905908542,12.800716886518913,42.386116083891686,21.325976651581783,9433,1
ee4aecac,27.5760756667277,19.07178539440015,11.786151310982131,60.37458056712837,20.34434870135037,6596,3
d41beaf2,27.538325552999716,13.963460253266906,11.159108610427761,71.0672730950373,25.889210844047543,6592,4
8050c789,27.51129787142841,29.566771740909868,14.965755688648679,35.94589231524523,22.12972689005654,4940,4
b881d27e,27.33192033308112,25.764578857850687,5.788638979049512,52.00988463757359,21.308702163738438,5442,3
ffefef30,27.32283657160427,27.667534541844592,17.13615814851693,36.82011905421097,22.760795213786118,6421,2
81bf5923,27.30262991260408,26.202871641254593,11.706281971977475,45.098494395929656,22.53462488931947,6386,2
da3bfe4e,27.23585192237152,15.702214550590323,9.159731131991531,68.3792474563139,24.598523908660233,7107,2
137d1e44,27.21908292763659,17.746060337939504,12.95734595204865,60.42686508261871,23.136654179298034,6313,5
a48640d9,27.116542392792887,26.139517201659945,10.484528540567577,45.70260662728408,22.602511878361593,6586,5
d7eb0be8,27.02551878560295,27.969301924958067,18.404739154671443,33.758732137824225,21.424483053484405,7208,2
cad13e8f,26.956889279636272,25.95556150526771,4.6557149623514915,51.26071914565817,15.705886643174706,6866,3
591cc951,26.88225764758576,9.379763928280274,6.422939552871043,82.34656318091145,25.258563157053235,6669,4
df71d1ff,26.845205524175398,21.011586131572145,11.512477650446604,53.845172183110705,17.305210583961696,7879,5
58fa8486,26.813222748065172,9.20288584348919,7.660977175164717,81.18614213011759,23.5779769074863,6126,4
463c38f2,26.750788444861243,21.842289819938635,5.951212772449213,57.36736136711849,24.522682324106324,6048,3
eafb863e,26.60339295020029,11.078953947525157,6.8115698096589705,77.44409409609187,24.63058125659151,5317,1
48c1f673,26.584426178604804,26.527298217983564,17.397154268855232,35.88595400959686,21.34159505319638,4666,4
5254b6db,26.577745168594145,13.261587917178858,5.056903400272016,74.73090143974684,23.29927680483493,5115,3
3a223519,26.57385638956696,25.369746438915897,10.07105745854734,45.48487522188871,20.851120596116786,6581,2
504c8b08,26.326371309691904,6.230269219979796,5.090068775259614,87.75487802354841,24.942717852727217,8012,2
796dbd4c,26.29876304862598,26.642640013279618,15.402920912086675,36.50685125585802,20.11535470839591,8069,3
f88ddb26,26.285800929145893,25.71013819067513,21.880996139102702,31.841931196130606,22.105471384912953,6585,4
c07fd0cd,26.09787937702802,27.70013650928947,17.756083277135048,31.23516121239808,22.32811138675725,6035,4
25050f63,25.89017103062734,15.528035922031243,11.375397859613365,61.129214418833506,24.07265674037689,7155,5
5cb483ac,25.886645706107693,14.24077890113259,10.728593944931763,64.33643107723383,23.698944054008457,5206,4
bf70b410,25.68460190192082,16.128618762831277,13.737991576624962,56.74317850539577,22.07262785149706,8000,3
b5aa9634,25.564023520844913,10.704787636991828,4.441613281133634,76.40490552826236,23.0059227123662,8747,5
1fdbba44,25.525979710506753,26.611439213808637,11.847313750310267,37.033726664099476,20.990678297644024,6333,4
14fee784,25.415757263111914,20.20714158741113,11.688995785541431,49.55975009208396,22.603110959341226,6406,1
4c3df468,25.36116999524982,26.779786953572504,18.114908360020813,29.77019771383346,16.838663067096892,6903,3
74b6186b,25.299597012009222,17.594874675725837,10.651290808009843,55.35734788857537,22.791641785403158,5148,3
1a730ac2,25.2994313352932,22.774572867666144,12.331292497484798,43.31728710835571,22.906049425069646,6049,2
8d5d46d7,25.27804678081955,21.66277237768363,11.163958031675017,46.62268433623593,20.54757152360598,7282,2
fd710aea,25.229921052966997,14.98875473931728,5.594366035323432,65.34780869791,23.294254038578686,5960,4
ea41324e,24.964140041883226,8.997884442816966,6.197240556941078,75.6635507249579,23.37171011895419,6839,5
f8662c22,24.82489324296383,25.02318987828077,18.7522628032842,30.50093041200959,21.34575501139571,6957,2
44a94013,24.777289652014254,18.925143888979903,17.84223567687965,43.416635153217555,21.91851203752627,6492,2
7acda2df,24.748482252768305,14.49463376295722,8.774374452964546,61.23028703219424,22.971047680250987,4552,4
5567d551,24.73331892308581,29.281450963715663,6.203941179393751,34.16643258551816,19.7583821185099,8390,5
9426ec1e,24.48086711604946,24.046825670447063,9.692705236568601,40.1371118867351,20.7302201263946,3923,4
a056d01e,24.43547681504618,23.832206653944688,8.242541354891241,41.83495259740411,20.647519758669688,8292,2
460f859e,24.394834682788296,18.486251512180147,13.42504629801025,47.18178940878264,21.542906092850632,4982,3
198a5607,24.33259885527467,22.89863175538696,12.91290221386769,38.62022969645707,19.941952891653653,8094,4
2ddad940,24.284373451264095,22.60394183054057,13.179675312469978,38.74993483150526,20.416983884318444,6812,3
708caea9,24.25645388746772,23.863470446667503,11.14885473552382,38.15001992101207,18.035588535696096,8482,4
d63196fe,24.249859023691823,10.103429448801121,3.5274388183197645,73.26513837884528,22.247860658240754,5881,5
03a935ae,24.243579021817695,21.195489558157632,19.64171555091858,34.94162142003693,20.927618288661904,4430,2
cf50c9d1,23.999231730752403,14.04043126440676,11.906441976022986,56.0096224181731,21.878429090322868,6634,3
1a68190b,23.85247239303021,13.383957498437358,5.390785149006439,63.2511894262397,21.167710727877548,6502,1
90386ee4,23.74481436262458,15.213203222255085,4.168680235389912,60.38417077059824,20.58598762556088,5304,2
62a6f539,23.702700959573413,11.542849201894533,5.531074937085056,66.19403049741952,21.845417446498956,5253,5
77b0d905,23.6032663079637,14.620116683929808,4.885566411887988,60.28726545210719,20.71300944478582,5923,5
98bc6f66,23.598739783923524,12.565953171208216,5.387786972986726,63.875265820290934,21.977710422131313,7720,5
38991fd4,23.414429507588093,8.618052206874843,6.996680681149734,69.42493293545294,21.990369923784062,6545,5
6ea22614,23.334001305463843,23.951820002002577,19.06690703283456,26.365458185015658,19.535709452761456,7894,1
8478df29,23.235804167739676,23.220790774973402,18.751828985050338,27.74980613596156,20.118630415280048,6698,4
2d196986,23.180919908908102,10.19412103731294,6.066127355782442,66.26931020522409,20.278415664553094,8316,3
d1457cc5,23.173528561441483,25.21310378864901,11.579390592342309,30.688516076125598,16.976687202714665,8443,1
122bd617,23.134903499027835,23.028206152611027,13.98461714538219,32.49858454550709,18.17461936038801,6408,3
577eec7c,23.129011842651344,20.341360846499725,12.172008066375245,39.66131761123069,18.686534626688754,6085,2
ec13af42,23.121422381252554,22.21725886312137,20.429371103914676,27.621800694852798,18.127830129779767,7362,1
6e9ccd38,23.115911833527832,17.74982710446685,10.188724321231735,46.77526880394589,20.115010179192822,9619,5
bd8f847e,23.03317022579459,24.891762701905648,9.568759650761349,32.78039584860571,19.076098058032336,6161,2
f08774c3,22.926122843132465,19.46763025414686,6.276412670791176,46.492818193444954,17.447556707030003,5645,3
12f0cd90,22.925750788532312,24.306274936019037,17.447854985280497,25.642598296810668,19.873618795115895,7431,5
9d5e14d4,22.898038859622712,16.645569251210592,8.568729242790106,49.73228769327956,20.551959493562514,6565,3
d4f60a28,22.82986269554901,21.576668993119487,7.19469205580671,40.971420740150364,17.71845202277519,6435,5
f2d4c8c9,22.824926453390695,20.30250856025531,15.237853637577475,35.456835055474684,19.39757376913372,7908,2
35b3ef6a,22.682489019948175,22.98361747772565,16.84216157802783,27.92055954631357,18.386644182325433,5736,4
bd6f0e19,22.671112115320327,21.042967546045325,6.911349446501881,41.68716392268877,18.15217128511879,6979,3
f6bc699b,22.56813563447254,16.32619388577046,13.335232003363892,44.28492276298534,19.01641493281012,5501,3
e97032ad,22.555325867729564,19.846852497599375,12.386418602464854,38.14117987325465,17.807759620092483,5654,3
5fb1c15f,22.40839125752556,19.429118516556695,17.20780558989724,33.567522407091616,18.76263460082236,4857,3
c50b42f6,22.348770655571276,19.443596278987627,9.756046591896087,40.75184347241376,14.942098340277353,7920,2
c472c0b5,22.175695013224672,22.366600043805754,14.85420126375862,29.115378701528567,17.482045328824668,4867,5
abf460d2,22.08617665905027,25.251082792821254,2.4590620064544066,35.38347904410416,18.905559188340415,4763,3
b56bc0aa,22.063042181842643,9.256167654957125,6.323070589787733,63.41676282766859,20.422468917682423,7431,4
fa667be2,21.96885657553539,24.247250202328413,2.3452248651518506,37.03570103233289,18.573980410851657,8798,1
df8290be,21.841415939674317,18.626080664635353,14.583180545300502,35.53032188412607,19.433494410282822,5675,2
a6b8ac67,21.82421963171465,11.123323256182967,6.330045812974667,58.720186201518004,18.410910996197572,7017,1
54a7e3c2,21.823026306220925,17.6707159387551,12.374325346274064,39.576348001099426,18.71435733496971,7893,1
d24ff243,21.79647382129677,10.923936606947295,7.70276101328085,57.63526105801165,19.12573789532251,7116,3
95b559e7,21.787419196173257,21.014819830855238,12.469310491520167,32.65072663146238,18.401046263849107,4638,4
edf885a3,21.729777266967417,17.286286811994835,15.146630368106615,37.19990507577338,19.01914592484378,4863,4
b95e7121,21.515058228916676,20.46874553185984,13.959848622383008,31.162893229564006,17.900147960719835,7492,3
398dce4b,21.350078594018267,8.243134799236962,4.541199487032072,64.37284529056707,19.68040253391119,5005,2
5542c301,21.254682034401256,24.610991565155786,6.021564581515707,29.775180425777744,17.229502534029727,5433,1
13f598d9,21.247004198503806,20.24662289600662,10.578036184711598,33.91673481729039,12.56958906804509,8934,2
ea3a0e38,21.21006487825891,14.50477898491131,10.998583980220152,44.83211756299286,17.557705555621315,11794,3
4c2208f5,21.18305199077583,21.732844488595035,11.796846793635543,29.46967219227771,17.39174282864482,7248,1
57f05c51,21.094947469407447,20.385270682352353,3.347353874613086,40.26189463831199,15.188734306332314,6478,3
95c8427f,21.055448200562928,8.638279558449241,6.872976985830094,60.07225669952313,18.988765638129117,8051,3
11d0f5ac,21.031479094637,17.70996780732905,8.607792711705558,40.09818805218434,18.547059866851725,6378,3
05948241,21.0227730759622,17.713476712146146,12.196878890861587,36.46725998869491,17.559312410081244,5428,5
c9fedcf3,20.93160136565354,20.83460151683922,17.078185064102367,24.97901736483334,17.0435891945395,5210,3
f07d7037,20.863113967551207,15.076553102955128,9.328980332173204,43.970369332121365,16.962789724909733,7688,1
a15bc102,20.816301104658077,17.120897650661515,12.552069900058376,36.4713392172509,17.684682338313547,5124,1
5f75f796,20.646159760057696,19.708486268562552,14.139563893059174,29.028102610046513,14.111039177442379,7324,2
5def1ce5,20.489016743344457,16.7557475999866,13.915409681486256,34.52916209191837,17.338172195278208,7997,1
aa95015b,20.455001243121867,20.367168253916503,8.044650724768797,33.04101773988566,18.24754961083749,5761,3
d6dd7330,20.44557749497057,9.797042558349732,7.212848928612225,54.9753759345706,18.79021985152499,7660,2
3584a6eb,20.43268803845676,16.945705169238185,3.872273166535063,43.96706864881562,17.212385301031997,6150,4
fde20ecf,20.401314110139182,17.827250885281288,10.095864398158545,35.8548902718356,17.185247018582146,6386,2
a247e7cf,20.397148414079172,8.814904568608561,5.033089844893808,58.92569467420576,19.035060460808616,7237,4
7ff89f8f,20.351876331626634,17.6235694662712,10.227443295850549,35.9329230981136,15.140505468862811,9539,3
aff4e561,20.270855539177358,10.484142660479293,5.716995941215796,54.398140894535054,18.18930825155936,7723,3
a4f989c2,20.242276900388152,11.24033058698311,6.321497017464794,52.166949410121596,18.22239356982732,7024,4
b4d8dd4f,20.237001206923505,18.111417980491748,16.575787150301412,28.14938171640911,13.42566519357206,5909,3
15e154a1,20.200373010690047,5.493539430374492,2.707538062532552,67.10687511947866,18.742448869603113,7699,4
46d24a09,20.126029644959985,17.46656944205543,7.263824181392053,38.307155514337026,16.32531423853076,6123,5
44441e54,20.125838077620774,16.40193893089736,16.071704747010436,31.627769701677934,16.465914624156166,5568,4
2d179ded,19.771517499803444,14.59315260628364,5.793752027791001,44.1060127588555,13.32101631262021,9225,3
43c7f85a,19.75545719975678,6.030992254041552,2.5914296920538593,64.36841459889015,18.598886017681224,7484,4
28f4eda9,19.527865670022994,18.183471138217957,5.138037588454493,36.606482815201566,16.264214982858743,6824,4
c9578d27,19.498432095447995,13.969471086475249,10.647213628764469,39.407572580077016,17.165565838974604,6202,5
0a57a29c,19.375850593178516,20.82103650448291,8.470771182866432,27.390558180881808,15.065438757377198,7194,4
dd64382d,19.37164369089496,8.941830139400947,7.939921768139506,51.662992716638435,17.632098136098747,5058,3
8bda1a11,19.258988244248606,12.522608632930936,6.469538895652698,45.521196815479854,17.425222448020563,7438,3
2ac7cb6b,19.25570740240735,18.613922621891653,11.188950073967838,28.606034291878252,13.684230036064442,6451,5
bf39bc20,19.22466150195212,8.815968077897633,3.066041366118672,56.20066848589454,17.904789979207884,5047,5
bcebcc5f,19.169367029291124,6.734471152258891,3.492096099804205,59.716429712842505,17.241500787612942,7889,3
c03d4aed,19.118368032398163,12.169759225023423,8.063750060132813,44.07020361941299,16.714547484256148,6375,2
865033f8,19.041727814741314,8.594622246484317,4.869508432120307,54.10815833387632,17.533319687874815,5303,4
52f1e77a,19.006840538519143,14.598126754544332,7.199319289000959,39.631789355986946,16.27951593728607,6053,5
a85bb86f,18.926308827378893,17.484100103921005,8.484844036438757,32.252191065234804,15.843680178762558,5100,5
3ac16ad0,18.91326989827026,8.731374664687591,4.898490597198808,53.29183966650706,17.012363991719713,7412,1
a692b17e,18.82319434737926,14.585103388591602,7.632617588483324,38.48995302385052,16.654140691405637,5409,4
9da441ba,18.58223120669007,15.336304303456714,11.014889264266026,32.64142695558083,12.859604316391167,7283,2
684a6fc1,18.486407282408365,6.860610562567215,4.413790468629097,55.81061753586994,16.419397911934297,11449,5
2ee0235b,18.43262452768031,17.77743086217171,13.343326942975015,24.832309443402803,14.900725817654706,7256,4
aaeffccb,18.407723100406656,12.799278698002087,8.10350881997612,39.92882618564633,15.134539597395591,4586,3
d0cb63ae,18.356572888192048,17.373562908853792,6.152322050008228,32.52684368505237,13.023716055497392,6859,3
084d66f9,18.147885017991257,17.272044156595598,15.338457079283526,22.708994679490303,14.28271529591732,5632,1
3d96d897,18.07473305923724,12.948312619271984,5.231181220667118,41.17112577773787,16.370580210490093,7147,2
e14d641e,17.944314152571252,16.97441038149953,13.94468758447008,23.88374826281587,15.363527557331292,4978,4
a4cdbb0f,17.800571003097335,14.884881589413169,8.06487099890814,33.36764983465486,14.89318368374223,6759,1
1770d7c6,17.791989819693036,15.8549491257244,11.093587878281745,28.364473149041594,12.867552555138724,9121,2
373ef48b,17.791854787185322,14.37329246562404,7.251993648948171,35.16884056854503,14.976043238801847,4992,5
d011f41b,17.761509860200245,8.64630537019421,3.2268792926114576,50.526549407801106,16.42191945418549,3906,1
27c3155b,17.733130136394003,15.478481753433297,7.605527252532993,32.370029786176424,14.423874396855958,6941,4
dbee6c86,17.51762250548943,17.90879746716658,8.994720593222466,25.258174494402095,12.65628783208227,9114,4
b585b4fa,17.372693048392073,18.957134417427195,10.29364310551956,21.282860253194347,14.287359314186524,5999,3
2d9f6cb9,17.285070641296052,9.805002385001453,7.629064806638818,41.90121298854249,15.496396951805515,8627,2
24d8997e,17.260075552728573,6.1607674100698935,2.419313715884866,54.299453674889634,15.775951607356005,5188,1
2364716c,17.043618274932147,11.373972594446714,8.331239793036064,37.09528811779909,13.950540274840343,6093,4
96936c22,16.999431005093538,18.29804520307142,6.514569594170022,24.887064020061285,14.27080870650232,4997,5
445af6c2,16.972500901433325,16.559328845542606,6.108023565415419,28.663322349232665,10.986922063321021,7998,5
f8afa78a,16.96157728834864,11.161995184727594,8.327339985266011,37.19497879867336,15.59954749184599,7367,1
81fc01c6,16.87318222527027,16.37058110069164,12.680176886890198,22.071389812807592,13.722117323162776,7655,2
beda8696,16.776398612260678,10.83776883028221,3.283977541430506,42.146079247047794,14.183074393190049,7868,1
e7c36e81,16.656453783189004,11.400174225986433,5.044931894394421,38.78053478638873,14.522969291703827,5655,2
bc4381e2,16.462646907417316,17.197371116543174,8.850343724150946,22.60550167243197,13.67640864507371,6885,2
fbd68d27,16.34913910593916,16.62458846487922,12.847017622324403,19.300361871673797,13.74638626579615,8552,1
722cf0d8,16.210994409540074,16.296285147458477,10.556395760901491,21.695011582341856,12.68384092739149,7275,3
4e050c92,16.190670331992486,11.402071522741538,3.2927167854740707,38.6658214970128,14.440923266748355,5236,4
89fdb2f2,16.04710636767159,10.24473470724016,4.157096552545613,39.54185950366042,13.87082062510186,3570,3
f439a621,16.006004847440625,14.068271374260293,10.688031956602748,25.199444684639168,12.544515047737985,4695,1
9efc812e,15.645180735844713,15.976327475834774,10.039698730664698,20.58836926104461,12.775075600189716,6100,2
dc7da28f,15.624109461398131,7.451380295654321,4.00463504085062,43.58904221343326,13.470373491198593,6672,5
1d78281a,15.525925062062202,17.30347237603833,3.831327575020537,23.665427921151615,13.653342300304825,6810,1
fdfd57da,15.4691620748286,16.196367473632527,10.260503556107293,19.223409795942054,11.919895974944936,7364,5
eeed308d,15.401095172393529,9.500099822447414,6.4209771174648145,36.18320392721447,13.732700125460262,5503,1
764072a5,15.341898029330995,14.31809094094259,10.06758870468454,22.663821530754266,12.953773497946907,4594,1
c6b782a4,15.250910165082972,12.912937213218113,8.27988589284053,26.897880341055135,13.063374070525503,6675,4
82fcf37c,15.248657685655656,8.118587412675389,2.2984471017666332,42.459008815505214,13.29598893346161,7397,2
b32e4903,14.928912866814393,14.024044316941543,8.103978339876686,23.563584493497796,11.306700258877477,7420,3
4caa7289,14.839074671941017,12.417959983030302,6.117963938134187,28.402414783569277,13.72521243452301,6854,1
eac10e86,14.8291860042374,14.92480783367544,12.09337009712567,17.373758252473053,13.051879201611467,7501,4
84633df4,14.773348861640823,15.466970637659623,10.826855634228398,17.33259853701565,12.086476907007395,6719,1
995ff498,14.739053114259974,10.20686236407781,6.92644484600321,31.616042882881068,13.551834132665165,6127,3
87aa3730,14.599064931935597,11.874410797081715,7.98525768187792,26.662180451701044,12.75062467678168,7293,5
ef8e3ed0,14.59628701338622,13.548263041597657,9.511635601840602,21.776986368508965,11.631479854661254,6637,4
5aa403d0,14.554259993961896,14.790491666178648,9.846069427029535,18.78998721646075,10.941340876539442,4702,4
8bb9c1e6,14.530091155997,15.467330995974699,8.948641172498268,18.23706145954034,12.521884189447952,6382,1
2c0c4a4e,14.517258651463006,13.81725467942594,5.381585409891468,25.052939837108678,10.287813498298508,6719,1
2f8e53c3,14.510300028167151,12.563471991109402,4.512201450955015,28.40205467949479,11.990812388627706,4133,4
18d24f7b,14.483578056898427,10.264932468276555,3.219379971410664,34.18506731962994,12.98328329248391,6260,5
4b462989,14.416847606559202,12.4162427542816,10.109749494273098,22.725155423400512,11.150468634621738,4738,2
8a89da23,14.293332671466043,14.888033138979898,7.808989540339127,19.58827486756525,11.861357468199682,5575,1
b7cdcecb,14.179878107371247,15.537348969521148,8.865012603556103,16.77980188688659,10.31935639038753,7620,2
e45a2a62,13.77238137753941,11.80691623557994,9.844442583768162,21.6312504552296,10.927590701880618,6697,3
e6c55748,13.766669181514166,13.954891828268284,10.356920058468726,16.799973011051367,11.951658525246291,5959,1
d217e0c5,13.416049752535692,12.208463041954191,6.904555817260735,22.34271710897365,11.40423645103272,5713,5
3407f5bf,13.393854384450883,13.152723353566419,7.402663611540092,19.867307219130605,10.547596039615657,5309,5
404c4384,13.376844580511719,9.364734009087417,1.7576917967231287,33.02021850714891,11.220705970799953,2612,4
09441b8d,13.31356719631604,8.442205963318608,6.031417656462483,30.33843920216446,10.957204168144045,7395,1
47222616,13.159094508438091,11.621379208407564,8.404162953692802,20.989456663244436,10.873395221522596,5835,3
97cd5bf9,13.146137877633631,12.966760529065965,10.785461137645619,15.865569314756977,10.064317479601245,5099,1
d84b621b,13.088981447488557,13.191877000076323,9.73450318719808,16.237668602603502,9.163236081165605,5746,5
9bd2bba3,12.96160430521179,11.044148814848825,2.763335280136868,26.994784311012637,10.003433750200694,9092,3
f72b268f,12.94285239203479,14.019602784810406,7.124477419379289,16.607726579139058,9.234656930242968,7918,5
3690a146,12.92866931201629,8.315404864500614,3.1451205003894698,31.93874701867446,10.914389535620106,5761,4
67847288,12.878564501571372,13.019249754837677,5.323845501811986,20.151912994798145,9.1932639342003,9174,4
4f4afcc6,12.656590143564003,11.061901223637339,10.31608957514096,18.186468551840374,10.863379796623068,7184,1
3bbe1f5d,12.56605840613097,13.822635219403246,5.3157270899284015,17.303236095788996,9.232031206882542,8184,3
e149204f,12.565153703670678,4.688218142672795,2.445912823915611,38.43826570542151,11.355701537026954,7549,5
5a5d1982,12.382961085999478,8.183390394753184,4.048315251663907,29.116748302827638,10.931164271895959,5446,1
884ecb5f,11.804152628980749,11.550628049360515,8.811436809648825,15.303917607553137,8.271771848100808,8054,1
4fbe9c06,11.529334686672629,10.774349660568124,5.397993153702051,19.170646271852217,9.267387914838407,7938,1
f16e25e3,11.40946051288061,11.408835204586916,4.229498523114377,18.590673119234232,9.640914516825053,6585,3
85380836,11.30112704657332,10.001127259964699,7.269959255735639,17.932294410628245,9.186085077066705,8175,3
729f4217,11.285854993539289,11.675051525043283,8.459628628047211,13.333688296023375,8.394191025444691,7592,1
811f52b3,11.285798899925107,11.523091668577107,6.555508174100236,15.541504088445977,8.501737502164463,6674,1
bb2cdd83,11.254648985987599,11.34308593606879,8.261135134691015,14.071288937121798,8.659075677159635,5665,3
8f201368,11.21292154459333,9.017103448708774,5.9207329595625655,20.89674632139321,9.008276695110903,8151,2
310c71a5,11.212380494959014,10.369259903650423,9.470132298940188,14.640869873595022,8.76269896445828,6988,4
521a7819,11.181803565935951,8.320201697517247,5.625245526806002,22.461565341903306,9.438904827777863,7224,4
20402d71,10.96140501400196,7.339463346080648,3.1868163648195664,25.979876999026978,8.10455835353305,7930,4
b7974e66,10.86233759885765,10.578258485251851,8.24256825906597,14.050265165860928,8.763476514052194,7170,4
f9fc81aa,10.351499357886015,10.291374852362045,7.4038593768578735,13.419388349962093,8.042323526549332,7113,1
6ede926a,10.326882997546184,9.204020451893765,7.074482075459441,15.825009010937762,8.730629552487219,6621,2
75cd5f11,10.301305417232106,8.822656934362733,7.383717099606123,16.176190700596834,8.324201929782362,6410,1
7271dd80,10.284596311169466,8.346559359110914,6.538694849909088,17.906571676546942,7.479231198201889,5765,2
729e9750,10.207429037385138,7.171739134672884,6.593166518638785,19.893071361555997,8.328027584302742,7427,1
1a518997,10.105718625473115,11.659457228598765,4.943284692739257,12.160675351955671,7.010456959929524,6544,4
1b08ed48,9.89247497142602,9.807087462158513,8.653408898169136,11.30231606321792,7.918197541432301,7175,5
d114d9c2,9.75320878028213,7.462584704769251,2.966166522688782,21.121499188901236,8.063769869401062,7543,2
264feceb,9.375998761825777,9.80004324814729,5.701885949292627,12.202022601715903,7.249678277775709,7408,2
5305524b,9.046420933850042,8.676699366873182,4.769907273011692,14.062377728642113,7.152460222047109,6457,1
cdc60a53,8.887911329420042,6.06958233024198,3.6859181311595726,19.726562526036634,7.816756832942599,7631,5
a7744f5b,8.872549730504284,7.346933938938102,3.2694897518942923,17.52684129224664,7.446217523506698,6017,5
d40f61d5,8.839645782397294,6.4712045080234635,3.3579102993178522,19.0582638142244,7.289837188806652,5880,1
f03f10fe,8.80715428688422,7.599896099213005,4.564558183541295,15.464266765569572,7.1044612106676315,5823,5
29b24409,8.651551981028827,6.91588603194255,5.293305346531191,15.48113051369902,7.725280429890795,7417,4
6a0ff78e,7.960982866251408,8.037334477220735,6.375535356359945,9.393727154204214,5.8115835486074925,7890,2
7c607683,6.988337992834143,6.646654893229756,3.1295239544444233,11.530518230432637,5.080316705458756,7001,3
7cd4bb31,6.978102633505392,6.816568802957149,3.4049283233875403,10.87434460471973,5.695247457825002,7959,4
f6824bb0,5.870798397419346,5.6821152689184995,5.189212541309292,6.929750510531091,4.008343073802148,6864,2
